id,x,y,dir_x,dir_y
0,198.000214,26.313993,-0.996662,-0.081644
1,38.056175,141.029144,-0.987891,-0.155152
2,76.796295,21.049383,-0.858157,-0.513388
3,21.452879,156.342163,-0.566679,0.823938
4,138.901077,41.602493,0.992055,0.125808
5,1.994095,115.050209,0.517171,0.855882
6,96.159248,104.921494,-0.281198,0.959650
7,131.528809,121.571281,-0.256243,-0.966612
8,26.395493,138.829025,0.560670,0.828039
9,125.884087,16.859627,0.554542,-0.832156
10,171.528732,131.393112,-0.606520,-0.795068
11,15.977291,115.481613,-0.475631,-0.879645
12,102.625626,161.051697,0.918378,0.395705
13,89.915977,189.273697,0.826991,-0.562215
14,173.030380,119.122261,0.830570,-0.556914
15,65.503937,139.921005,-0.693256,0.720692
16,100.046890,15.605364,-0.621503,-0.783412
17,157.310272,167.857422,0.796857,0.604168
18,175.108963,37.416183,-0.586196,0.810169
19,27.469448,150.654602,-0.613957,0.789340
20,154.850159,167.561554,0.695849,0.718188
21,64.299324,57.838837,-0.898472,-0.439030
22,160.384018,173.085815,-0.989325,0.145724
23,183.656036,113.238739,0.869995,-0.493061
24,115.081985,105.665474,-0.311767,0.950158
25,68.701393,123.697235,0.411014,-0.911629
26,165.998840,53.909927,-0.991294,-0.131665
27,17.997742,48.971260,0.695834,-0.718203
28,62.812443,153.927994,0.127783,-0.991802
29,42.361454,31.485167,0.546825,-0.837247
30,171.260345,173.898361,-0.650625,-0.759399
31,41.875668,164.799240,-0.985087,-0.172056
32,97.882736,166.241959,0.980822,-0.194908
33,58.480659,4.113950,-0.339729,0.940523
34,39.928822,114.520020,-0.968645,0.248448
35,30.660711,171.649155,0.444185,-0.895935
36,155.911453,34.409077,-0.988981,-0.148039
37,109.788925,145.453476,-0.980709,0.195472
38,30.427959,65.313744,-0.986630,0.162977
39,165.848083,61.910164,-0.995429,-0.095501
40,81.274574,23.784977,-0.044099,0.999027
41,12.824275,184.912247,0.053449,0.998571
42,13.011645,153.185516,-0.962578,0.271005
43,193.156815,153.881943,0.546888,-0.837206
44,172.554550,106.599800,0.952965,-0.303080
45,136.074677,128.621140,0.599304,-0.800521
46,21.871571,174.207352,0.857987,0.513672
47,110.667534,102.444847,-0.375679,0.926750
48,73.485062,81.150635,-0.838868,-0.544334
49,93.947044,133.028290,-0.038173,-0.999271
50,131.285370,106.877502,-0.384378,0.923176
51,111.533028,140.383194,-0.712578,-0.701593
52,194.777267,106.566628,0.406352,0.913717
53,187.442383,67.976730,0.995987,-0.089501
54,105.098831,41.687336,-0.990919,0.134463
55,135.264969,78.491013,0.990278,-0.139105
56,73.948082,175.998367,-0.058236,0.998303
57,139.958511,111.792236,-0.500529,0.865720
58,197.346939,119.035973,-0.997572,-0.069642
59,86.853188,181.045547,0.767006,-0.641640
60,94.255432,123.869133,0.410862,-0.911698
61,49.873711,78.583687,-0.999546,0.030137
62,137.629288,26.983316,-0.659193,-0.751974
63,139.596344,110.538261,-0.606763,0.794882
64,42.743999,109.807137,0.765115,-0.643893
65,87.443184,182.030884,-0.346572,0.938023
66,10.339525,152.495255,-0.998837,0.048222
67,80.842064,42.971069,0.992865,-0.119243
68,153.565552,120.717079,0.837218,-0.546869
69,22.348835,39.423481,0.668699,-0.743533
70,70.159424,87.136322,-0.904439,0.426603
71,165.268814,6.538781,-0.131058,0.991375
72,141.173676,143.434326,0.563124,0.826373
73,140.620453,160.027313,-0.966959,0.254932
74,155.639236,157.459915,0.871818,0.489830
75,151.704544,179.886703,0.999660,-0.026084
76,5.924449,18.309586,-0.999186,-0.040330
77,21.151941,117.510445,0.881013,-0.473092
78,83.009415,171.230347,0.146782,0.989169
79,106.983170,74.495605,0.949290,0.314402
80,98.643021,81.317619,0.862808,0.505532
81,189.742493,179.438126,0.662882,-0.748724
82,155.174973,102.413467,0.984793,-0.173733
83,23.537806,166.659225,-0.203522,-0.979070
84,90.126518,170.715164,0.517945,0.855414
85,75.620872,189.551498,0.699008,-0.715114
86,107.692879,56.330818,0.021655,0.999765
87,114.024666,156.464584,0.568841,0.822447
88,28.948101,192.507080,-0.949708,0.313136
89,185.473495,78.080818,-0.907501,-0.420050
90,166.923553,148.880447,-0.296562,-0.955014
91,125.393036,105.009567,0.921731,0.387830
92,188.533905,98.060875,-0.181300,0.983428
93,123.952293,22.223194,0.740339,-0.672234
94,81.017517,116.886429,0.182198,0.983262
95,67.216080,168.489166,0.843255,0.537515
96,33.398895,128.596024,-0.661293,0.750128
97,8.235820,167.247391,0.882159,-0.470951
98,108.729614,102.351585,-0.279428,0.960167
99,140.052353,157.749985,-0.397188,0.917737
100,109.021553,175.167953,0.804442,-0.594032
101,125.577446,121.467323,-0.772865,-0.634570
102,92.251465,120.855568,-0.833015,-0.553250
103,76.576912,151.783661,-0.580900,0.813975
104,193.262772,129.543274,-0.984398,0.175957
105,158.576080,97.685898,-0.067855,-0.997695
106,75.164017,113.301826,-0.451374,-0.892335
107,56.718796,8.436198,0.768684,0.639628
108,15.281362,160.661545,0.863208,0.504848
109,161.619873,66.418701,-0.993939,0.109932
110,64.598152,83.735039,0.075151,0.997172
111,185.029129,52.527279,-0.190394,-0.981708
112,178.809555,70.114632,0.776594,-0.630002
113,75.425743,18.371092,0.740414,0.672151
114,147.929764,189.322083,0.038871,-0.999244
115,120.619370,67.339363,-0.651666,-0.758506
116,40.951721,28.456947,-0.724637,0.689130
117,12.029600,146.955124,-0.675322,-0.737523
118,44.200577,155.258667,-0.050840,-0.998707
119,84.482239,138.680435,-0.998964,-0.045506
120,181.762802,28.895775,-0.997836,0.065751
121,42.612671,170.968979,-0.291690,0.956513
122,173.201019,142.839569,-0.601888,0.798580
123,91.122246,33.127617,0.691187,-0.722676
124,152.554169,122.626015,0.832997,-0.553278
125,95.353493,194.537598,0.961793,0.273777
126,88.014389,194.120132,0.798263,0.602309
127,162.939957,138.028030,0.872492,-0.488628
128,100.099854,66.666634,0.941474,-0.337086
129,36.377411,120.875435,-0.386070,0.922469
130,29.512148,120.713562,0.421968,-0.906611
131,152.617554,129.418854,-0.996222,-0.086837
132,24.260878,51.073540,-0.844167,-0.536080
133,106.385681,104.671120,-0.418170,0.908369
134,17.835518,156.198563,-0.737956,0.674849
135,52.679787,142.325195,0.134564,0.990905
136,64.987602,71.542137,-0.646973,-0.762513
137,118.229485,118.562057,0.350960,0.936390
138,97.884308,7.915345,0.148404,0.988927
139,68.138206,50.294559,0.948826,-0.315799
140,189.040207,195.019363,0.940722,-0.339180
141,72.108192,79.385071,-0.934661,0.355541
142,63.887379,65.481018,-0.989223,-0.146419
143,127.948402,89.539024,-0.160642,0.987013
144,112.919037,137.449799,1.000000,-0.000533
145,28.846685,153.332535,0.855001,0.518626
146,10.488380,141.206177,-0.073808,-0.997272
147,155.712250,30.969391,-0.450820,-0.892615
148,76.812218,132.078568,-0.610671,-0.791884
149,65.513405,69.834633,0.929102,0.369824
150,29.047792,149.712616,0.540232,-0.841516
151,0.577656,64.061684,-0.971903,-0.235381
152,163.965149,146.929688,-0.724156,-0.689636
153,172.940018,83.371277,0.748605,-0.663017
154,144.353973,9.177436,0.927326,0.374255
155,114.521866,7.306866,-0.537127,0.843502
156,178.776199,92.682739,-0.842006,0.539469
157,26.705933,86.113876,0.153891,-0.988088
158,67.863007,25.949028,-0.002721,-0.999996
159,170.160477,59.538357,-0.986358,-0.164616
160,9.260426,10.170500,0.904144,-0.427227
161,46.050846,110.670639,-0.977909,-0.209032
162,62.293613,6.016681,0.028659,0.999589
163,96.550186,182.679291,0.269833,-0.962907
164,128.467255,32.755978,0.937071,-0.349138
165,11.790951,78.100655,-0.972459,-0.233073
166,142.529312,133.164658,-0.983329,0.181837
167,51.881374,159.286621,0.986001,-0.166741
168,150.101364,32.698715,0.981040,-0.193807
169,66.004532,127.204330,-0.548522,0.836136
170,127.139786,162.064407,0.937675,0.347513
171,105.495461,134.014343,-0.987573,-0.157161
172,123.160484,0.171210,-0.997759,0.066904
173,154.112045,77.048004,-0.669988,-0.742372
174,14.491178,95.224388,0.926025,-0.377463
175,78.702492,154.978561,0.858922,-0.512107
176,85.877907,137.800858,-0.758509,0.651663
177,70.230347,90.314568,-0.617540,-0.786540
178,47.580685,139.545166,-0.148638,0.988892
179,76.885132,89.266075,-0.708440,0.705771
180,197.194870,193.076553,0.997769,0.066766
181,59.136528,42.651836,0.698804,-0.715313
182,160.848389,156.354385,-0.485303,-0.874346
183,10.264745,141.862503,-0.694050,-0.719927
184,158.023819,20.515491,0.916764,0.399430
185,7.038553,145.432846,-0.689923,-0.723883
186,156.648682,149.135605,0.647598,-0.761982
187,180.232391,5.111209,-0.960206,0.279292
188,98.119026,39.883911,0.991868,-0.127271
189,173.478699,39.522533,-0.456202,0.889876
190,122.925163,195.616516,-0.874110,0.485727
191,85.476303,138.548676,-0.990946,-0.134258
192,177.192627,21.367863,0.686505,-0.727125
193,114.354088,83.071884,0.799661,-0.600451
194,120.568398,91.161758,-0.743035,0.669252
195,87.169014,140.839676,-0.980967,-0.194177
196,2.998162,175.129425,0.900371,0.435123
197,109.638695,186.551361,-0.021970,-0.999759
198,179.116058,38.060043,0.360582,0.932727
199,19.196434,39.530861,-0.023758,-0.999718
200,33.737316,86.578751,0.249468,0.968383
201,62.456726,27.069683,-0.734612,0.678487
202,51.875088,187.577148,0.263921,0.964544
203,162.448364,59.848289,-0.945056,-0.326910
204,43.361301,25.714750,-0.823101,0.567894
205,87.213135,189.078766,-0.351253,-0.936281
206,167.067261,138.289581,-0.938347,0.345696
207,181.088989,85.016022,-0.808077,-0.589077
208,156.813568,115.969582,0.874561,-0.484915
209,82.097313,176.712952,-0.952722,0.303845
210,167.763702,101.403313,-0.026899,-0.999638
211,45.266796,49.853539,-0.578507,0.815678
212,170.528122,38.901382,-0.564882,0.825172
213,47.228737,26.761612,-0.419915,0.907564
214,162.946777,184.426682,0.987191,-0.159545
215,80.507965,196.144058,0.932538,0.361072
216,144.623428,104.382637,0.197559,0.980291
217,32.463177,76.013451,-0.273974,0.961737
218,118.672211,133.611038,-0.964458,0.264235
219,29.536860,61.615772,0.751775,-0.659420
220,68.812157,45.920448,-0.860577,-0.509320
221,3.510675,128.450821,0.286244,-0.958157
222,155.638580,52.209167,-0.997571,0.069652
223,39.390881,190.125153,-0.971119,-0.238596
224,4.214599,160.997452,-0.981609,0.190901
225,48.667706,147.392807,-0.646454,-0.762953
226,127.087959,131.994263,-0.084736,-0.996403
227,116.426224,7.548831,0.888607,0.458669
228,55.771706,144.007523,0.729655,0.683815
229,32.281406,139.478928,0.884702,-0.466157
230,11.017136,2.409812,0.735868,-0.677126
231,115.099998,22.849770,0.378802,0.925478
232,130.582199,70.109619,-0.990212,0.139568
233,172.896042,140.683365,-0.999829,0.018512
234,184.171463,11.508571,0.691601,0.722280
235,190.365982,60.733730,0.212104,-0.977247
236,154.683197,139.207031,0.830555,-0.556937
237,117.862282,117.661293,0.420213,-0.907425
238,57.312344,154.795868,-0.713366,0.700791
239,20.003925,102.593971,0.284933,-0.958547
240,64.101677,171.597916,-0.721689,-0.692218
241,120.270966,98.212563,0.964364,-0.264579
242,65.323967,35.652084,-0.985208,-0.171365
243,5.077398,126.587257,-0.811065,-0.584956
244,39.313725,135.363907,0.998415,-0.056271
245,96.779953,83.277679,-0.963081,0.269211
246,107.663788,170.400238,0.757318,-0.653046
247,132.836624,25.066364,-0.806692,-0.590972
248,153.815582,69.837555,-0.336314,0.941750
249,82.378517,174.866776,0.402074,0.915607
250,143.391342,108.299164,-0.974455,-0.224585
251,8.903966,4.372523,0.990311,-0.138865
252,141.042099,2.354861,-0.210656,0.977560
253,153.196442,128.587021,0.790591,0.612345
254,79.802353,171.340195,-0.737008,0.675883
255,177.279175,30.445004,-0.989764,0.142714
256,125.074486,98.953545,0.999769,-0.021481
257,133.067413,18.027958,-0.272708,0.962097
258,155.312683,125.214539,-0.376602,-0.926375
259,114.378311,3.419286,0.996492,0.083688
260,68.194305,189.489746,-0.893687,-0.448691
261,43.533932,41.420685,0.614294,-0.789077
262,154.586563,41.293438,0.996969,-0.077797
263,87.981880,75.207222,0.390687,0.920524
264,54.231060,70.232216,-0.965155,0.261681
265,29.548590,9.714519,-0.197221,0.980359
266,19.509260,30.464985,-0.934429,0.356150
267,108.694725,146.435135,-0.937644,0.347596
268,37.357201,13.956414,0.921563,-0.388228
269,86.655098,186.811096,0.067530,-0.997717
270,185.749451,112.074364,-0.499403,0.866370
271,104.208649,12.785477,-0.559844,-0.828598
272,55.952084,165.153549,-0.863040,0.505135
273,15.089145,188.699539,-0.878164,0.478360
274,55.347969,101.305695,-0.004820,0.999988
275,106.348175,145.799103,-0.956468,0.291837
276,189.215347,163.737244,0.993479,0.114017
277,66.156540,153.265991,-0.854308,-0.519767
278,115.827812,93.308441,0.183005,0.983112
279,168.092865,72.334290,0.308214,0.951317
280,186.471542,178.384720,-0.633945,0.773378
281,6.006660,165.012314,-0.895874,0.444309
282,129.190842,64.019470,-0.556697,0.830716
283,70.614334,21.986645,-0.117634,-0.993057
284,91.067345,116.094048,-0.034495,-0.999405
285,58.853325,97.997932,0.336655,0.941628
286,199.803375,92.824921,-0.112782,-0.993620
287,65.153633,61.169502,-0.122632,-0.992452
288,93.476257,91.640656,-0.935860,-0.352372
289,11.566704,5.830293,0.962394,-0.271658
290,129.262497,36.989529,0.284669,-0.958626
291,29.929354,143.668732,0.999348,-0.036111
292,81.840309,10.741714,-0.735827,0.677170
293,180.704773,39.888222,-0.153553,0.988140
294,100.810921,83.030930,-0.114096,-0.993470
295,86.991867,38.031681,-0.996269,-0.086299
296,6.534960,149.193527,0.799913,0.600116
297,86.025131,111.166580,-0.691672,0.722211
298,88.484375,197.735992,0.493942,0.869495
299,97.801788,117.439468,-0.972202,-0.234143
300,96.117210,121.766487,-0.367028,0.930210
301,63.959171,104.188553,0.975379,0.220536
302,50.032253,173.701813,-0.635749,0.771896
303,31.600508,46.017620,0.708058,-0.706155
304,126.753838,139.633484,0.901425,0.432935
305,31.632957,162.412903,-0.058045,0.998314
306,31.642124,35.472778,-0.481147,-0.876640
307,119.865616,116.513550,-0.722915,0.690937
308,20.779951,189.053635,0.392075,0.919933
309,14.461321,170.687988,0.748526,0.663106
310,87.666046,108.904953,-0.341592,0.939848
311,98.116951,109.324722,0.605763,-0.795645
312,53.291225,88.227150,0.505900,0.862592
313,61.608517,168.160004,-0.767028,0.641614
314,184.409119,133.160263,-0.400761,0.916183
315,171.974228,162.632935,-0.942383,0.334536
316,126.125816,113.028954,0.395708,0.918376
317,15.494650,184.312531,0.934836,0.355079
318,2.110988,25.418680,0.030567,-0.999533
319,44.946270,136.430222,-0.279993,0.960002
320,147.864487,31.338491,-0.010946,0.999940
321,132.882095,32.271408,0.984798,0.173701
322,128.134567,20.704197,-0.949108,0.314952
323,7.891006,34.831596,-0.909910,-0.414805
324,88.619049,40.050564,0.345044,-0.938586
325,113.261848,2.156980,-0.573402,0.819274
326,176.768661,103.128754,0.796754,-0.604303
327,81.781052,127.479446,-0.880775,0.473534
328,179.435547,168.326050,0.350057,-0.936729
329,19.208187,183.786240,0.313661,0.949535
330,52.058182,68.190361,-0.805939,0.591999
331,128.746490,13.372936,0.965952,0.258723
332,156.683212,104.131348,0.874766,-0.484546
333,100.418373,188.221786,0.961193,-0.275878
334,165.730042,103.628937,0.587831,0.808984
335,106.081314,15.261121,-0.238109,0.971238
336,66.849571,176.623688,0.730034,0.683411
337,28.596598,124.154579,0.300507,0.953780
338,109.099960,43.946106,0.667750,0.744385
339,198.223709,50.047588,0.354013,0.935240
340,137.914032,52.372269,0.780878,0.624684
341,156.428909,18.148474,0.015181,-0.999885
342,127.414612,181.645462,-0.210132,0.977673
343,86.013245,199.471527,-0.072057,0.997400
344,123.940605,75.972282,-0.910573,-0.413349
345,118.582069,88.432785,-0.532801,0.846240
346,11.902927,90.572418,0.667676,-0.744452
347,80.862984,15.833217,0.877190,0.480144
348,45.397354,21.137760,-0.766937,0.641723
349,32.069347,91.900139,-0.177359,-0.984146
350,192.304321,111.714851,0.900959,0.433905
351,76.780876,28.307035,0.141910,-0.989880
352,86.385292,132.682541,0.915944,-0.401306
353,157.559006,20.011223,0.522236,0.852801
354,94.326942,32.445457,0.997240,0.074240
355,45.317738,126.278999,-0.205197,0.978721
356,81.252960,167.228561,0.326028,0.945360
357,95.985184,70.388214,0.264967,-0.964258
358,54.204330,84.275352,-0.574585,0.818445
359,15.062109,154.602570,0.969712,-0.244250
360,175.340256,13.429182,-0.084569,0.996418
361,55.966095,132.149780,-0.498635,0.866812
362,38.105232,20.371208,-0.964369,0.264561
363,87.147041,22.891155,-0.917595,-0.397517
364,196.594345,48.012146,0.023316,-0.999728
365,34.764717,166.122986,0.535804,0.844343
366,9.105925,68.403336,-0.929601,-0.368568
367,116.985764,107.298286,-0.624485,0.781037
368,92.527046,140.292511,0.999939,-0.011013
369,41.795731,191.470154,-0.998649,0.051964
370,160.406448,54.081581,-0.988146,0.153518
371,59.112286,158.814301,-0.999718,-0.023753
372,155.252274,35.941292,0.762672,-0.646786
373,189.492706,46.489151,0.909411,0.415900
374,141.064941,84.588409,-0.864593,0.502473
375,98.505272,126.887558,0.999991,0.004286
376,48.382698,17.645399,-0.928467,0.371414
377,12.900936,50.502750,0.904426,0.426631
378,84.860237,122.798271,-0.945725,-0.324970
379,121.697723,1.491952,-0.083355,-0.996520
380,67.117401,118.945107,0.629294,0.777168
381,188.497879,140.448654,-0.790223,-0.612820
382,72.172783,119.255074,-0.663642,0.748050
383,110.170135,184.241531,0.487591,0.873072
384,81.703735,114.778931,-0.996782,0.080156
385,126.077820,46.149261,-0.392780,-0.919632
386,91.197800,54.251484,0.492584,0.870265
387,65.969635,172.977066,0.901003,-0.433812
388,63.230381,42.676601,-0.455212,-0.890383
389,174.906601,162.170044,0.619639,-0.784887
390,68.759079,167.529465,0.349655,0.936878
391,38.250740,138.461700,0.999806,-0.019693
392,2.554584,115.982391,-0.556247,0.831017
393,64.798927,84.239403,0.454306,0.890846
394,169.506393,12.137724,0.657430,-0.753516
395,198.081284,192.905655,0.983130,-0.182908
396,44.861813,20.845631,0.790084,0.612998
397,122.021423,120.164413,-0.959011,-0.283369
398,109.341438,41.514221,-0.956728,-0.290984
399,16.884892,148.858505,0.269490,-0.963003
400,189.837433,82.900711,-0.067143,-0.997743
401,139.635010,85.779861,-0.989234,-0.146345
402,135.028366,57.624302,0.994778,0.102058
403,114.362946,75.539757,0.851623,0.524155
404,50.616749,34.279942,-0.314706,0.949189
405,137.803864,147.256226,0.988773,0.149425
406,26.414349,181.839066,-0.134922,-0.990856
407,73.957687,119.025154,0.967517,0.252805
408,192.985886,151.900482,-0.277905,-0.960609
409,185.095093,171.124893,-0.619055,0.785348
410,160.602005,185.696518,0.896745,-0.442547
411,75.599495,146.232635,0.999273,0.038136
412,187.151886,63.281689,0.955643,-0.294526
413,139.079437,59.869633,-0.270793,0.962638
414,161.967575,191.021606,-0.804316,-0.594202
415,100.851479,10.928765,0.062141,0.998067
416,195.032150,12.358785,0.967999,-0.250954
417,111.061127,75.086578,0.074236,-0.997241
418,36.935394,36.014908,0.585024,0.811016
419,13.166350,47.864677,0.968694,0.248257
420,38.536469,134.296097,-0.524345,-0.851506
421,198.452072,190.229324,-0.474372,-0.880324
422,106.076614,111.177002,0.271875,-0.962333
423,102.928345,92.250984,-0.981819,-0.189822
424,82.394218,159.889984,0.996864,-0.079137
425,72.802193,137.812897,-0.996627,-0.082064
426,110.319031,38.644852,0.603142,0.797634
427,174.133469,113.940414,0.649447,-0.760407
428,65.270905,72.200439,-0.772834,0.634608
429,29.536135,4.430413,-0.919779,0.392438
430,160.578323,189.704803,-0.957842,0.287294
431,130.088181,190.452805,-0.924629,0.380868
432,174.670670,107.154335,0.998102,-0.061589
433,176.238480,121.373177,0.665014,-0.746831
434,91.510368,7.535564,0.572715,-0.819755
435,55.470661,199.459885,-0.758682,-0.651462
436,58.933918,58.575695,0.997967,0.063731
437,50.818222,33.762810,-0.193569,0.981087
438,88.814613,44.791489,0.983153,0.182785
439,162.009598,187.607941,0.998172,-0.060433
440,180.163803,178.738388,-0.849919,-0.526914
441,130.543640,140.802917,0.806527,-0.591197
442,111.756851,46.639435,0.839503,0.543355
443,71.074905,53.038403,0.913738,-0.406305
444,185.908890,142.570175,-0.436860,0.899530
445,128.274567,131.453125,0.205114,-0.978738
446,151.235153,132.703308,-0.922269,-0.386550
447,193.597214,92.587074,-0.508405,-0.861118
448,163.165222,111.974266,0.260314,0.965524
449,151.631836,9.547127,-0.585196,0.810892
450,28.429573,149.853683,-0.932279,-0.361740
451,40.062901,135.116241,-0.985058,-0.172225
452,25.532721,118.638725,-0.151398,-0.988473
453,35.968391,67.185295,-0.127118,-0.991888
454,65.855385,123.095940,-0.267150,0.963655
455,159.957062,30.614815,-0.901393,-0.433003
456,172.695847,14.455941,-0.969932,0.243377
457,174.194443,30.385939,-0.889793,0.456364
458,158.001236,12.160188,-0.880043,-0.474894
459,180.686752,19.483744,0.577514,0.816381
460,111.127243,72.128120,0.959034,0.283289
461,16.042103,113.722092,-0.640889,0.767634
462,71.438225,51.272766,-0.271999,-0.962298
463,62.309460,12.208619,0.931447,0.363878
464,55.092003,37.934788,0.595912,-0.803050
465,198.841278,12.226084,0.699366,-0.714764
466,146.230316,96.219009,-0.617411,0.786640
467,76.997398,155.574341,-0.045500,-0.998964
468,164.941666,12.036297,-0.933863,-0.357631
469,193.085785,25.676708,-0.953096,-0.302669
470,16.753962,32.788181,-0.967125,0.254300
471,131.172134,150.931381,0.429055,-0.903278
472,4.341179,139.158829,0.965729,-0.259554
473,48.044842,119.154747,0.226236,0.974073
474,22.262262,38.846130,0.190745,-0.981640
475,54.131916,146.459122,-0.999973,-0.007281
476,104.839607,192.418976,0.848353,0.529431
477,8.808585,101.523895,0.393657,0.919257
478,147.690247,91.350983,-0.919560,0.392949
479,160.638275,94.165115,0.190945,0.981601
480,21.644644,53.905071,-0.993827,0.110942
481,109.561096,152.567307,0.413888,0.910328
482,192.158920,163.626801,-0.064804,-0.997898
483,145.923599,69.109756,0.879584,0.475743
484,19.357237,63.535034,0.994150,0.108012
485,126.944923,114.777229,0.863686,-0.504030
486,63.035500,140.499969,0.315016,0.949086
487,173.843643,172.337906,-0.938953,-0.344045
488,118.913765,141.741211,0.410873,0.911693
489,14.835761,67.260925,0.788081,0.615571
490,65.482857,139.142700,-0.961182,-0.275916
491,167.802307,105.796555,0.966330,0.257308
492,149.497238,94.052444,-0.494712,0.869057
493,107.722168,172.008270,-0.819632,0.572890
494,137.888260,33.822788,0.437802,-0.899072
495,107.688477,44.958302,0.574932,0.818202
496,17.666605,176.160751,0.146110,0.989268
497,50.074478,87.070992,0.942034,-0.335516
498,29.943300,41.466869,0.541315,-0.840820
499,117.647102,162.053696,0.226843,0.973931
500,178.050461,145.275452,0.749493,0.662012
501,40.422218,55.832989,-0.710251,0.703949
502,161.084457,111.530327,0.763713,0.645556
503,125.195610,23.331989,-0.599467,-0.800399
504,70.149895,96.721169,0.758673,-0.651471
505,24.704798,196.532425,-0.432634,0.901570
506,17.923000,190.885895,-0.587047,0.809553
507,25.597992,41.573219,-0.585690,-0.810535
508,126.592728,85.279411,0.465675,-0.884956
509,40.358795,63.246105,-0.326601,-0.945162
510,62.539787,29.690617,0.959084,0.283121
511,140.158676,11.398638,0.731145,0.682222
512,192.660522,126.159180,-0.456535,0.889706
513,27.095964,27.384501,-0.638837,0.769342
514,10.384042,71.978958,0.274784,0.961506
515,22.521229,54.228489,0.623008,0.782215
516,197.580536,14.294107,0.212934,-0.977067
517,123.250557,44.777176,0.631586,-0.775306
518,191.567032,111.706421,0.631474,-0.775397
519,95.589531,133.138000,0.094816,-0.995495
520,101.586075,5.703036,-0.341652,0.939827
521,6.667647,142.792633,0.314380,-0.949297
522,110.031212,166.436157,0.616654,-0.787234
523,101.291344,2.163525,0.989694,0.143200
524,197.772766,1.544727,0.283010,0.959117
525,188.463486,75.538254,-0.020349,-0.999793
526,63.167187,86.864609,0.590381,0.807124
527,38.790794,81.270676,-0.888128,-0.459595
528,77.442291,147.541534,-0.028326,0.999599
529,190.897339,45.714493,-0.771079,0.636740
530,15.490952,49.065426,0.903996,-0.427540
531,126.412361,16.191978,-0.487093,-0.873350
532,85.808151,126.830925,-0.954809,-0.297221
533,12.017402,10.006208,-0.253959,-0.967215
534,153.036865,31.153690,-0.763026,-0.646367
535,107.755432,36.277561,0.455180,0.890399
536,183.451401,128.433304,0.982067,-0.188535
537,105.083427,72.974770,-0.773020,-0.634382
538,6.266362,18.215689,-0.793905,0.608041
539,112.113579,152.189316,0.793614,0.608422
540,49.403652,113.515480,-0.993775,0.111410
541,64.571762,154.893341,-0.471248,-0.882001
542,164.183807,113.075951,-0.999980,0.006349
543,90.354721,41.797398,0.863689,-0.504025
544,68.929977,166.853989,0.966159,-0.257948
545,163.545715,132.965897,-0.735356,-0.677681
546,180.443542,176.848969,-0.998539,-0.054039
547,52.651009,93.657967,0.595547,-0.803320
548,185.456314,45.178154,-0.979642,-0.200753
549,75.891960,174.319168,-0.583432,0.812162
550,160.995316,48.491383,0.374651,0.927166
551,66.980515,125.654724,-0.997423,-0.071751
552,139.606964,78.788605,0.038151,0.999272
553,33.320114,13.050452,-0.975452,-0.220214
554,171.712982,79.494751,0.108768,-0.994067
555,109.671295,120.629288,0.236119,-0.971724
556,58.123981,47.233532,0.655958,-0.754797
557,77.922943,175.662979,-0.958426,0.285343
558,143.571976,155.260925,-0.318034,0.948079
559,36.250095,166.091080,0.995118,0.098694
560,44.061752,34.009655,0.754866,-0.655880
561,89.124794,6.475009,0.110351,0.993893
562,8.588706,69.876823,0.475062,-0.879952
563,77.654381,166.198502,0.974063,0.226275
564,131.764832,29.309769,0.979240,-0.202704
565,176.011612,21.780262,-0.436310,-0.899797
566,155.790314,194.609283,-0.856190,0.516661
567,13.914824,169.652069,-0.293502,0.955959
568,128.440063,110.364609,-0.588742,0.808321
569,167.528061,103.351585,0.876174,0.481995
570,98.314682,103.803909,0.327859,0.944727
571,37.098660,81.267265,-0.965719,-0.259591
572,81.220100,117.025650,-0.976462,0.215689
573,137.238998,84.508057,-0.990769,-0.135564
574,197.050064,117.660294,-0.893073,0.449911
575,152.931778,29.226358,0.313742,0.949508
576,17.738937,85.606804,0.485830,0.874053
577,178.878876,16.675508,-0.466926,-0.884296
578,32.161785,83.838394,0.496563,-0.868000
579,179.839264,37.855885,-0.599475,0.800394
580,8.843254,29.850580,0.998943,-0.045960
581,65.497620,16.148066,0.663258,0.748391
582,50.663990,72.296898,-0.981142,0.193288
583,59.269947,168.369492,0.998961,0.045582
584,22.111258,5.160348,0.385628,-0.922654
585,161.402939,162.010391,0.106702,-0.994291
586,181.817886,30.786577,-0.979460,0.201639
587,163.255096,80.378105,0.718224,-0.695812
588,124.386551,111.499130,-0.123265,-0.992374
589,62.225521,159.571899,-0.708926,-0.705283
590,87.370865,30.880201,-0.724080,0.689716
591,20.600382,103.070862,0.522892,-0.852399
592,95.826263,125.981979,0.122225,0.992502
593,179.524063,69.705421,-0.124303,-0.992244
594,115.235153,83.213341,-0.374290,0.927312
595,91.847290,191.623001,0.223476,-0.974709
596,71.339142,107.425186,0.515004,-0.857188
597,185.885925,17.575726,0.998766,-0.049671
598,57.195885,146.808929,0.613060,0.790036
599,21.383120,60.605850,0.995653,-0.093139
600,150.739609,80.184151,0.229218,0.973375
601,26.232414,170.557144,0.921989,-0.387215
602,166.380386,7.254563,0.241295,0.970452
603,190.859390,73.875397,-0.804105,0.594488
604,40.206772,164.568130,-0.960858,0.277041
605,125.996063,169.729919,-0.620131,0.784498
606,51.933117,194.561508,-0.108719,0.994073
607,94.640396,173.771301,-0.757149,0.653243
608,78.171402,101.839905,-0.861660,0.507487
609,120.264832,183.504532,0.054676,0.998504
610,43.586407,161.149841,0.507834,-0.861455
611,189.341629,61.410805,0.805847,-0.592124
612,40.933994,29.754795,0.999956,-0.009408
613,98.302422,73.637138,-0.915792,-0.401652
614,11.331290,178.366898,0.188447,0.982083
615,199.591171,70.329224,-0.747116,-0.664694
616,167.442093,74.306267,0.976411,0.215919
617,8.313788,129.868988,-0.944713,-0.327898
618,52.970592,175.702957,0.939140,-0.343535
619,18.412289,83.208443,0.784959,-0.619547
620,13.698562,71.466827,0.050441,0.998727
621,162.652206,150.225082,-0.882334,-0.470624
622,19.157251,53.395866,0.966491,0.256700
623,155.790466,112.481483,-0.055850,0.998439
624,62.862850,52.814259,0.999933,-0.011563
625,128.702621,193.681366,0.978092,-0.208172
626,41.839142,19.198721,-0.993136,0.116962
627,142.954605,135.807678,-0.930217,-0.367011
628,136.006119,44.827785,0.896579,0.442884
629,85.573166,104.548775,-0.014907,0.999889
630,140.462021,32.736591,0.740806,-0.671719
631,40.920845,129.169571,-0.996262,0.086385
632,13.736258,104.446404,0.996935,-0.078238
633,135.973724,195.542130,-0.443402,-0.896323
634,134.239471,83.464645,0.974977,-0.222304
635,130.690826,110.854347,0.550923,0.834556
636,112.613365,123.097397,-0.592738,-0.805395
637,78.630196,100.340904,-0.869173,-0.494508
638,19.845480,119.443146,-0.748333,0.663324
639,66.159729,88.945694,-0.219462,-0.975621
640,41.739452,106.062477,-0.974283,-0.225329
641,33.209785,122.941391,-0.999977,-0.006837
642,121.508873,175.448776,0.181644,0.983364
643,187.945160,14.609207,0.994517,-0.104579
644,84.022987,107.518181,0.777967,0.628306
645,74.296394,78.386559,-0.464676,-0.885481
646,110.242599,106.247925,0.266893,0.963726
647,68.486824,57.546638,-0.403111,-0.915151
648,157.658478,139.486633,0.241429,-0.970419
649,71.691307,26.363583,0.205617,0.978633
650,46.657944,105.947205,0.271082,0.962556
651,10.090473,175.566299,0.413400,0.910550
652,115.742851,148.747055,-0.357756,-0.933815
653,69.407440,79.266663,-0.174312,0.984691
654,20.331396,8.228821,0.924944,-0.380104
655,5.996151,193.059525,0.693359,-0.720592
656,128.644760,96.118729,-0.751253,-0.660015
657,164.267929,49.514610,-0.924794,-0.380469
658,113.553391,79.507210,0.888351,0.459165
659,179.974945,7.303859,-0.851082,0.525032
660,107.588989,74.555275,0.025812,-0.999667
661,141.296112,171.750580,0.999912,-0.013276
662,111.486740,51.240795,-0.988160,0.153424
663,91.118317,180.406113,0.788498,-0.615037
664,140.832062,73.376129,0.802310,-0.596907
665,184.722488,122.786674,0.647164,0.762351
666,103.752411,122.590523,0.783553,-0.621325
667,196.079376,33.058311,0.979263,0.202595
668,97.631439,62.321312,-0.911487,-0.411329
669,41.732452,23.822857,0.000096,1.000000
670,14.757249,54.991528,0.954083,0.299542
671,30.288027,198.196793,0.921187,-0.389120
672,115.872414,161.292572,-0.906945,-0.421250
673,179.864288,168.587936,-0.260036,-0.965599
674,175.657333,71.051186,-0.313739,-0.949509
675,151.664764,99.422234,0.520763,0.853702
676,156.225113,125.965897,0.990367,0.138471
677,30.033478,157.203766,0.999959,-0.009081
678,56.499977,42.602650,0.492826,-0.870128
679,6.171088,149.653381,0.274138,0.961690
680,18.591078,76.822418,0.952145,-0.305645
681,156.085526,127.485313,-0.500427,-0.865779
682,102.917542,155.483383,0.549655,0.835392
683,105.924347,138.880280,-0.498470,-0.866907
684,57.688812,57.138588,0.868578,-0.495552
685,10.152580,25.839022,0.757283,0.653087
686,173.742279,68.684067,-0.518283,0.855209
687,106.637711,196.520020,0.777818,0.628490
688,108.073517,119.511169,-0.499353,-0.866398
689,180.841965,190.589218,-0.185297,0.982683
690,187.711990,13.076448,-0.693621,0.720340
691,166.435150,3.159164,0.447113,0.894477
692,7.916318,88.547401,-0.042545,-0.999095
693,177.166946,169.975937,-0.971534,0.236900
694,105.194786,161.799866,-0.064721,0.997903
695,57.484627,39.465683,-0.014501,-0.999895
696,122.483948,38.663639,0.249889,-0.968274
697,197.120712,13.040887,0.381424,-0.924400
698,158.566284,82.149925,-0.651526,-0.758626
699,116.897224,52.029175,-0.359948,0.932972
700,15.342727,41.565411,-0.340258,-0.940332
701,63.751171,38.934254,-0.514201,-0.857670
702,130.204910,164.740067,-0.918026,0.396521
703,103.525688,117.704796,-0.665628,-0.746284
704,117.313591,137.945847,0.993361,0.115037
705,22.142570,58.269024,0.975853,-0.218429
706,115.513176,43.467491,0.151894,0.988397
707,31.644476,129.441940,-0.031331,0.999509
708,33.625340,155.016403,-0.931896,0.362725
709,190.667206,14.480732,-0.662584,0.748987
710,156.514832,160.219498,0.385279,0.922800
711,156.595078,125.977295,-0.403444,-0.915004
712,125.078293,157.540375,0.172509,0.985008
713,151.176376,14.028376,-0.475077,0.879944
714,105.154663,111.335182,-0.992220,-0.124497
715,55.840042,0.604913,-0.757179,-0.653208
716,6.496508,42.806301,0.959429,-0.281951
717,40.106800,135.415558,0.998787,0.049229
718,22.539597,162.065842,-0.313340,-0.949641
719,20.423222,88.818497,0.907944,-0.419092
720,12.015513,15.118867,0.291589,0.956544
721,196.657257,89.160667,-0.602261,-0.798299
722,5.460289,184.442490,0.763446,-0.645872
723,37.538868,172.490189,-0.107024,0.994257
724,47.935287,149.285049,0.502141,-0.864786
725,99.842659,192.068832,0.738239,-0.674540
726,190.212326,108.606087,-0.248629,0.968599
727,131.884720,115.514153,-0.185863,-0.982576
728,162.164963,67.666412,-0.960681,-0.277656
729,27.301134,37.918346,-0.165448,-0.986219
730,42.849522,139.426819,0.441771,0.897128
731,78.218597,169.163605,-0.487587,0.873074
732,73.567825,140.621872,0.928223,-0.372025
733,4.023800,70.426353,-0.893175,-0.449709
734,78.508011,22.826565,-0.823690,0.567041
735,83.379532,68.046013,0.159006,0.987278
736,18.341242,85.281647,0.987398,-0.158260
737,183.942429,70.954575,-0.030812,-0.999525
738,27.393547,27.506823,-0.114662,0.993405
739,190.818954,111.916763,0.921228,-0.389023
740,158.780807,71.269104,0.253947,0.967218
741,53.814651,153.766022,0.089866,0.995954
742,107.309921,185.934204,-0.615742,-0.787948
743,98.057358,58.948730,0.353032,0.935611
744,110.193184,5.427435,0.838038,-0.545612
745,89.955925,151.394745,-0.997647,-0.068560
746,165.497589,137.024033,-0.975075,0.221875
747,17.410383,192.263184,-0.552130,0.833758
748,183.234634,166.288086,-0.992583,-0.121567
749,198.325226,114.990334,-0.904273,0.426955
750,50.001976,110.818573,-0.998772,0.049553
751,98.421333,121.681480,0.922206,-0.386699
752,28.262272,1.198701,0.994573,0.104041
753,76.323601,100.761154,-0.952057,-0.305921
754,49.989506,174.411911,0.300732,0.953709
755,161.647308,77.304832,0.412886,-0.910783
756,0.515532,136.162003,0.065356,0.997862
757,119.841782,175.331360,0.831284,0.555848
758,95.103165,61.464390,0.287121,-0.957894
759,55.950314,36.223763,-0.858569,-0.512698
760,81.919434,24.295868,-0.356815,-0.934175
761,143.153946,88.079384,-0.823308,0.567596
762,17.380051,23.233141,-0.714462,0.699674
763,32.700584,13.530326,0.979802,-0.199969
764,30.830421,20.447269,-0.655475,0.755217
765,121.794647,24.360783,-0.164556,-0.986368
766,167.832077,178.056564,-0.988486,-0.151312
767,106.025208,54.757622,0.814508,0.580153
768,33.445663,88.308708,0.271314,0.962491
769,139.304260,158.565506,-0.744945,0.667126
770,28.309393,0.267431,0.113614,0.993525
771,158.123444,81.278427,0.601316,-0.799012
772,102.987457,119.499680,-0.414898,0.909868
773,41.503811,84.229828,-0.187310,-0.982301
774,25.853022,127.258377,-0.850115,-0.526597
775,154.771591,115.240135,-0.831187,0.555993
776,149.368881,136.716309,-0.999925,-0.012226
777,44.401608,80.288544,0.560312,0.828281
778,197.817902,187.905930,0.792104,-0.610386
779,137.866669,108.953468,-0.638688,0.769465
780,199.467361,100.463844,0.458614,-0.888636
781,174.774902,69.159088,0.116554,-0.993184
782,177.598083,45.587463,0.656270,0.754526
783,83.386551,100.441849,0.127105,-0.991889
784,154.762787,182.575302,0.552656,0.833409
785,83.725754,127.776497,-0.884089,0.467318
786,17.649574,126.112389,-0.997278,-0.073731
787,80.091858,3.829206,0.158207,0.987406
788,97.437714,61.176937,0.418230,-0.908341
789,81.485832,19.290091,-0.969139,0.246515
790,96.611465,19.092567,-0.655815,-0.754921
791,0.081758,5.055186,0.778212,0.628002
792,79.701233,180.810181,0.640497,-0.767961
793,185.158173,76.871590,-0.769319,0.638865
794,1.088663,123.224129,-0.860408,-0.509605
795,113.407005,191.183640,0.101443,-0.994841
796,153.975494,128.137238,0.993174,0.116642
797,62.646339,39.507477,-0.767617,0.640909
798,98.256935,12.799092,0.999169,0.040752
799,108.615005,82.224579,0.692788,-0.721141
800,180.546066,190.572845,0.982838,0.184470
801,158.278229,2.650647,0.999824,-0.018740
802,14.038264,122.053940,-0.045559,0.998962
803,111.992012,48.044998,0.858202,0.513313
804,92.646835,170.287048,0.521660,0.853154
805,23.424816,163.296616,-0.355940,-0.934509
806,9.898545,132.478180,0.924517,0.381142
807,105.165131,130.194031,0.646644,-0.762792
808,87.700920,193.109314,0.918338,0.395797
809,51.520885,99.060036,0.401281,-0.915955
810,89.377937,33.861568,0.647112,-0.762395
811,173.490936,174.014969,-0.603328,0.797493
812,46.712921,106.817673,-0.552017,0.833833
813,4.799297,139.759598,0.729818,-0.683641
814,78.569336,126.493149,0.442829,0.896606
815,141.291885,56.341911,-0.396389,0.918083
816,4.327684,175.453903,-0.065579,-0.997847
817,53.230427,81.915421,-0.609466,0.792812
818,43.680912,25.244848,-0.831693,0.555236
819,139.574722,109.520638,-0.575491,-0.817808
820,107.598701,53.375973,-0.985953,-0.167024
821,86.415741,41.099197,0.405002,-0.914316
822,121.668221,123.708038,-0.924597,0.380946
823,86.303314,26.277111,-0.408572,-0.912726
824,142.580612,11.873835,0.964686,0.263402
825,15.936819,124.388023,0.012401,0.999923
826,121.069351,28.483282,0.281414,0.959586
827,92.096329,142.257904,0.743274,-0.668987
828,187.553467,136.622543,-0.110050,-0.993926
829,83.694801,199.492065,0.774652,0.632388
830,155.105225,82.040413,0.698671,-0.715443
831,61.833248,188.239166,0.608482,0.793567
832,42.981686,73.846680,0.031356,-0.999508
833,48.359638,135.027130,-0.228139,0.973629
834,85.106125,174.111649,-0.999391,0.034880
835,189.637390,9.286221,0.813354,-0.581769
836,101.309395,103.369995,-0.690054,0.723758
837,34.659790,76.004364,-0.830236,0.557412
838,156.481339,168.217636,0.853489,0.521112
839,73.563858,122.297691,-0.789966,-0.613150
840,86.110954,25.606527,0.332388,-0.943143
841,161.087524,150.979858,-0.861375,0.507970
842,125.390266,63.423176,-0.846857,0.531821
843,84.598312,190.283463,0.922217,-0.386673
844,146.044159,44.982483,0.866459,-0.499249
845,131.611847,35.682320,0.999979,-0.006526
846,78.077202,120.898750,0.979455,-0.201664
847,35.223995,171.886520,0.860775,0.508986
848,179.131668,110.566216,-0.999042,0.043767
849,40.916637,65.356163,-0.961753,-0.273919
850,199.550705,33.038120,-0.633981,0.773348
851,113.505867,49.404392,-0.541409,0.840759
852,84.462524,149.401581,-0.768996,0.639254
853,154.932571,163.962830,0.872655,0.488337
854,55.023651,135.489426,-0.822150,0.569271
855,84.230217,146.807648,-0.959820,0.280617
856,65.700287,157.577774,-0.976585,0.215133
857,75.905220,139.220383,-0.632077,0.774906
858,42.517967,43.728794,0.127022,-0.991900
859,105.962189,59.539112,0.515086,0.857138
860,166.117737,131.644867,-0.981646,-0.190712
861,30.666521,27.976805,0.312729,-0.949843
862,66.043861,162.809219,0.952863,0.303402
863,126.556053,182.343735,0.751270,0.659995
864,41.618046,9.073996,0.987943,-0.154817
865,99.914993,68.735321,0.141569,-0.989928
866,166.368088,119.016716,0.981345,0.192257
867,148.726395,16.264645,0.799868,0.600176
868,170.805222,165.941605,-0.280051,0.959985
869,161.562317,130.393677,0.782199,-0.623029
870,163.522278,4.833305,0.304885,0.952389
871,46.443588,111.578339,-0.514992,0.857195
872,149.873947,137.215958,-0.644567,-0.764548
873,47.298637,119.374939,0.651741,0.758441
874,57.321594,1.846647,0.999374,0.035369
875,7.506245,189.974838,0.593583,-0.804773
876,67.070557,5.622744,0.431262,0.902227
877,196.183548,50.514587,-0.969707,-0.244271
878,68.758904,15.710461,0.914279,0.405086
879,97.058098,82.281395,0.891543,-0.452936
880,92.942413,9.941401,0.284771,-0.958596
881,120.862778,29.178406,-0.494317,0.869282
882,13.837763,90.401703,0.473245,-0.880931
883,151.295502,5.201260,0.502152,-0.864779
884,194.451065,10.441257,-0.025141,0.999684
885,125.580650,94.513512,-0.998117,-0.061335
886,20.734970,21.373848,-0.993213,0.116313
887,163.580765,140.732880,0.149597,-0.988747
888,85.426544,91.516983,0.127310,0.991863
889,33.844677,27.292225,-0.127270,-0.991868
890,86.902420,198.819855,0.475446,0.879745
891,128.036697,160.257736,0.864675,0.502332
892,94.206009,159.999908,0.993976,-0.109596
893,154.845825,66.448601,-0.531015,0.847362
894,110.799988,18.293407,0.032723,0.999464
895,18.202702,67.521484,-0.997264,-0.073927
896,155.789673,52.378365,-0.940578,0.339579
897,156.553833,118.827454,0.488820,-0.872384
898,127.808121,112.312653,0.935745,0.352679
899,131.219116,46.133904,-0.870918,-0.491428
900,77.333519,29.559170,0.160319,-0.987065
901,31.624004,65.370956,0.982810,0.184620
902,154.087494,179.209656,0.964371,-0.264552
903,154.642914,99.385384,0.155360,0.987858
904,114.824944,179.083664,0.038912,0.999243
905,144.907196,146.035645,0.495808,0.868432
906,153.296143,42.810158,0.983218,0.182434
907,105.470886,190.052460,0.839420,-0.543484
908,36.731342,20.788891,-0.767857,0.640622
909,98.650261,119.029640,-0.990357,0.138538
910,143.540649,158.835144,-0.999921,0.012561
911,85.779106,8.405822,-0.687622,0.726069
912,133.617584,144.252869,-0.001037,-0.999999
913,124.853081,44.612347,-0.159149,-0.987254
914,165.857758,6.331849,0.367856,0.929883
915,193.855881,16.000923,0.492049,-0.870568
916,53.790146,99.311020,0.800100,-0.599866
917,84.417656,152.402008,-0.707160,-0.707053
918,107.796837,153.558456,0.713840,0.700309
919,35.472885,69.081985,-0.955981,-0.293429
920,179.353226,75.959702,-0.638481,-0.769637
921,131.298218,142.511047,-0.162484,-0.986711
922,155.699158,29.178839,-0.337533,0.941314
923,77.084091,71.653313,-0.303800,0.952736
924,166.162155,99.394989,0.180190,0.983632
925,134.813202,197.131836,0.590349,0.807148
926,9.523752,186.071091,0.517635,-0.855602
927,140.573334,76.288620,-0.769606,0.638519
928,20.908297,58.655807,0.921554,-0.388250
929,54.470348,6.525378,-0.999440,0.033471
930,84.639542,129.130020,-0.894714,0.446640
931,114.840340,133.603333,-0.005416,-0.999985
932,19.195833,167.475708,-0.704613,-0.709591
933,80.620110,174.161194,-0.684548,-0.728967
934,1.873719,97.503319,-0.125057,-0.992149
935,156.563644,99.618980,-0.209104,-0.977893
936,156.510788,189.807373,-0.262140,-0.965030
937,108.251373,112.187538,0.530024,-0.847983
938,108.747894,142.306229,-0.991925,0.126825
939,115.552505,197.782562,-0.880165,-0.474668
940,68.877396,175.891068,0.985927,-0.167179
941,62.821938,154.929031,0.425716,0.904857
942,24.212173,122.051079,-0.981891,-0.189446
943,159.898407,159.685501,-0.904530,0.426410
944,116.318489,5.538693,0.936554,0.350524
945,115.063507,78.407539,0.629483,0.777014
946,178.308319,107.411949,0.778907,-0.627140
947,8.404917,91.496422,0.641625,-0.767018
948,47.663471,107.959526,-0.209308,0.977850
949,67.966484,54.550415,0.309511,-0.950896
950,19.283831,92.311981,0.345443,-0.938440
951,98.033096,126.433434,-0.925718,0.378215
952,171.054703,199.739868,-0.827507,0.561456
953,27.953819,176.238327,-0.320082,-0.947390
954,154.463303,99.924278,0.239003,0.971019
955,152.602188,168.338440,0.498054,-0.867146
956,184.436325,192.692276,-0.196406,0.980523
957,195.067444,153.024780,0.886779,-0.462193
958,57.307873,85.942505,-0.183631,0.982995
959,18.635384,5.250827,0.333695,-0.942681
960,8.463634,115.032326,-0.997155,-0.075378
961,92.706375,46.654842,0.788808,0.614640
962,158.569427,133.272064,-0.285429,0.958400
963,26.812695,105.445320,-0.991232,0.132130
964,35.900375,48.822056,0.631519,-0.775360
965,199.517502,4.001676,0.217732,0.976009
966,46.251064,107.614990,0.832778,-0.553607
967,11.031841,148.805664,-0.499939,-0.866061
968,87.339554,77.344353,0.929724,0.368257
969,180.553452,176.699524,-0.978893,0.204372
970,67.087318,71.222435,-0.226899,0.973918
971,19.657082,34.602303,-0.505893,-0.862596
972,126.688362,135.875061,0.212253,-0.977215
973,132.920883,59.878166,-0.624370,0.781129
974,33.345299,68.079132,0.979128,-0.203243
975,76.065056,140.731964,0.974928,-0.222520
976,18.603794,26.749043,-0.968610,0.248583
977,127.574577,197.211670,-0.732185,-0.681105
978,118.834320,191.685806,-0.992005,0.126197
979,131.261246,50.782848,0.748787,-0.662811
980,199.352097,79.633522,-0.988667,0.150128
981,133.901062,108.408356,0.399726,-0.916635
982,63.254658,22.231062,0.486698,0.873570
983,91.589691,116.820122,0.680837,0.732435
984,43.477497,111.948494,-0.484985,0.874522
985,175.930130,33.715374,0.289864,-0.957068
986,179.514389,161.494476,0.258082,-0.966123
987,76.873756,134.241760,-0.077638,0.996982
988,154.337234,124.003922,-0.638317,-0.769773
989,183.218231,43.159725,-0.998011,0.063040
990,173.473892,30.528616,0.914284,0.405074
991,13.117296,103.685501,0.999780,-0.020961
992,157.051865,78.470535,0.823828,0.566840
993,81.376328,138.607422,0.988521,-0.151081
994,35.795712,77.402069,-0.189312,0.981917
995,45.721504,155.808563,-0.999975,-0.007009
996,72.994530,130.974594,-0.998657,-0.051814
997,24.943607,25.116667,0.193865,-0.981028
998,168.302521,186.630569,0.760239,0.649644
999,68.225220,38.521381,0.266584,-0.963812
1000,101.098953,82.947517,-0.729409,0.684078
1001,56.623035,27.561975,0.248003,0.968759
1002,101.832184,175.870972,0.460886,-0.887459
1003,151.726837,114.026192,-0.488430,0.872603
1004,43.189480,166.625885,-0.943747,0.330669
1005,174.436523,171.102737,-0.847390,0.530972
1006,17.100653,167.824051,-0.977767,0.209694
1007,179.717316,194.799454,0.166345,0.986068
1008,90.540100,78.225578,0.850675,-0.525692
1009,40.259769,150.074203,0.160341,-0.987062
1010,140.570236,3.330679,-0.622988,0.782231
1011,118.454689,104.351967,-0.926861,0.375405
1012,105.555344,78.497917,-0.145770,-0.989318
1013,122.836990,46.026043,-0.621448,-0.783455
1014,131.688431,76.540497,0.846576,-0.532268
1015,151.274536,75.145554,0.323137,0.946352
1016,16.848957,66.766846,0.980818,0.194928
1017,17.758802,62.051170,0.949928,0.312470
1018,134.539474,16.171297,-0.993283,0.115708
1019,5.608262,126.432930,-0.004889,-0.999988
1020,92.218117,159.159653,0.999699,-0.024529
1021,196.071075,185.258408,-0.226634,-0.973980
1022,26.373137,3.236352,-0.445448,-0.895308
1023,61.215927,153.959396,0.583983,-0.811766
1024,28.086449,192.321732,-0.214181,-0.976794
1025,67.202400,28.927549,-0.280414,0.959879
1026,15.902874,131.159302,-0.915900,-0.401406
1027,110.944260,113.692451,-0.929983,0.367603
1028,186.000412,77.667778,-0.986396,-0.164386
1029,4.234134,185.548889,0.105501,-0.994419
1030,53.433441,70.361130,-0.994133,-0.108160
1031,72.036331,16.898479,0.505495,0.862829
1032,20.136471,70.920601,-0.532409,0.846487
1033,154.636093,179.048233,0.881795,-0.471633
1034,112.596558,54.823555,-0.491473,-0.870893
1035,64.199936,36.155113,-0.700738,-0.713418
1036,22.485813,116.389122,-0.850239,-0.526398
1037,49.392849,188.663055,0.166618,0.986022
1038,130.567368,179.144592,0.211259,0.977430
1039,17.507591,95.702858,-0.361240,-0.932473
1040,76.666801,59.969788,-0.660885,0.750487
1041,90.345070,30.468496,-0.418879,-0.908042
1042,117.966377,112.266197,-0.687915,0.725791
1043,139.886887,67.582382,0.614058,0.789261
1044,174.507614,178.536392,-0.016065,-0.999871
1045,110.055008,187.204300,0.033424,0.999441
1046,139.342499,43.778107,0.997810,-0.066150
1047,27.784262,194.999756,-0.996752,-0.080530
1048,78.005165,151.926666,0.463463,0.886116
1049,24.864408,144.211868,0.999850,-0.017328
1050,140.829010,8.923314,0.957955,0.286918
1051,102.201546,188.982330,0.568597,-0.822616
1052,170.681915,161.621140,0.554026,0.832499
1053,49.348270,104.380898,0.687808,-0.725893
1054,149.104645,194.429260,-0.986874,0.161493
1055,135.733398,198.228409,0.436794,0.899561
1056,44.430416,167.617767,-0.835887,0.548902
1057,141.670090,3.242466,0.122140,0.992513
1058,17.577314,80.628944,0.922710,0.385494
1059,197.594589,179.721939,0.971496,-0.237056
1060,163.830765,152.489563,-0.389257,-0.921129
1061,10.618550,8.009656,0.902868,-0.429919
1062,49.358662,156.108002,-0.958269,0.285867
1063,165.239700,56.790051,-0.999900,0.014112
1064,37.038471,97.795502,0.291771,-0.956488
1065,123.477768,172.408676,-0.839087,0.543998
1066,13.790629,53.592583,0.650813,-0.759238
1067,123.627022,48.126915,-0.727795,-0.685795
1068,83.347672,84.667885,0.996378,0.085031
1069,198.416565,22.804113,0.248077,-0.968740
1070,46.701992,71.839890,-0.998987,-0.045004
1071,164.839584,110.499580,0.486072,0.873919
1072,25.806417,173.769669,-0.428588,-0.903500
1073,141.463272,168.971817,0.394616,-0.918846
1074,166.025360,75.144020,0.602517,-0.798106
1075,133.752335,157.925247,-0.856606,0.515971
1076,196.881073,50.883709,-0.705482,-0.708728
1077,146.238052,11.151702,0.927282,0.374363
1078,181.334045,71.538643,-0.363278,-0.931681
1079,111.999969,106.604881,-0.277867,-0.960619
1080,44.496872,24.618853,0.538444,0.842661
1081,34.866173,9.320968,-0.923257,0.384183
1082,63.719936,102.928558,0.963555,0.267509
1083,105.660904,140.441391,-0.308533,-0.951214
1084,27.684462,1.575830,0.804165,0.594406
1085,11.538931,105.889534,0.993809,-0.111104
1086,53.200424,139.207153,0.730170,0.683265
1087,168.580963,11.572721,-0.955583,-0.294723
1088,32.819420,30.639343,0.874302,-0.485382
1089,134.418869,175.499313,0.828086,-0.560602
1090,131.552765,64.819672,0.692623,-0.721300
1091,14.865014,183.698013,0.978894,-0.204369
1092,195.736649,42.329002,-0.252938,0.967482
1093,71.511322,186.719299,0.964299,0.264814
1094,29.470871,191.742950,-0.839738,-0.542991
1095,153.941605,0.385802,0.981387,0.192040
1096,148.185883,73.126740,0.526054,0.850451
1097,38.766228,91.851089,0.698335,-0.715771
1098,110.239098,138.987625,0.669975,-0.742384
1099,75.745392,138.309021,-0.350790,-0.936454
1100,176.025986,96.174500,-0.169079,-0.985602
1101,76.593674,15.709484,0.756914,0.653514
1102,97.028137,4.268749,0.780840,-0.624731
1103,141.901138,192.705887,-0.532159,-0.846645
1104,132.863251,147.078293,0.310349,-0.950623
1105,36.142887,86.946823,-0.880959,0.473192
1106,165.671539,86.069237,0.673562,0.739130
1107,73.919571,188.249985,0.895186,0.445693
1108,184.192230,153.990768,-0.458968,0.888453
1109,52.085892,57.135162,0.734208,-0.678924
1110,166.647369,169.257324,-0.686056,0.727549
1111,118.428978,34.066704,-0.246193,-0.969221
1112,100.757576,133.057861,0.033848,-0.999427
1113,114.800026,185.557587,0.440352,0.897825
1114,29.813717,74.417313,-0.929400,0.369073
1115,185.345245,197.505569,0.148800,0.988867
1116,27.343283,120.615891,-0.614483,-0.788930
1117,108.706612,108.017319,-0.918293,0.395902
1118,2.666989,6.983844,-0.495561,-0.868573
1119,140.677048,41.906631,0.234233,-0.972180
1120,150.516785,71.004204,0.183329,0.983052
1121,94.040184,91.353058,-0.978311,-0.207142
1122,49.048969,73.791336,-0.989342,-0.145611
1123,139.998947,142.461380,0.997936,-0.064213
1124,92.826721,172.379822,0.230207,0.973142
1125,53.796696,32.598518,0.550371,-0.834920
1126,106.241920,162.004089,0.165004,0.986293
1127,142.707916,64.135551,0.101009,0.994886
1128,161.282578,11.272445,0.735579,0.677439
1129,123.631294,75.782600,-0.923881,-0.382680
1130,94.323143,80.366203,0.907317,-0.420447
1131,74.293175,134.768600,0.031684,-0.999498
1132,137.522629,55.970558,-0.976125,0.217211
1133,131.208298,62.717987,0.155069,0.987904
1134,152.924942,167.103607,0.907117,0.420879
1135,142.098175,15.197553,0.723403,-0.690426
1136,196.022247,19.620760,0.999770,0.021433
1137,36.864697,81.237289,-0.982027,-0.188740
1138,48.234512,82.238548,0.950996,-0.309204
1139,80.168579,176.366486,0.045467,0.998966
1140,145.597748,142.552628,0.996965,-0.077846
1141,111.184074,48.016556,0.369715,0.929145
1142,6.433888,41.088776,-0.825783,-0.563987
1143,23.814674,178.968521,0.021801,-0.999762
1144,67.686707,169.623016,0.402388,-0.915469
1145,92.962440,153.185699,-0.987862,0.155336
1146,163.199158,76.955467,-0.018402,0.999831
1147,86.104156,145.908112,-0.583054,-0.812434
1148,7.734203,14.706353,-0.820568,-0.571549
1149,27.608625,22.477345,-0.996013,0.089204
1150,140.266525,183.037003,-0.902233,0.431250
1151,188.864456,113.571373,-0.108011,0.994150
1152,31.527822,133.285919,0.991672,0.128786
1153,83.521011,37.423923,-0.420130,-0.907464
1154,104.541885,49.565063,0.893271,-0.449519
1155,110.734665,60.368954,-0.162653,-0.986683
1156,52.439121,34.754372,-0.834766,-0.550605
1157,199.743607,79.341011,-0.421793,-0.906692
1158,176.665466,195.763626,0.792161,0.610312
1159,98.538414,43.947231,0.905664,-0.423996
1160,70.295425,2.979722,-0.986557,0.163419
1161,76.212090,39.920933,0.504502,0.863411
1162,84.444031,39.003448,0.895203,-0.445659
1163,60.797966,52.714062,-0.345595,-0.938384
1164,175.158783,7.403146,-0.925729,0.378188
1165,14.653775,74.486267,-0.998760,0.049775
1166,124.745277,89.360001,-0.725627,-0.688088
1167,78.829788,180.936508,0.999991,-0.004203
1168,199.528824,50.092640,0.546621,-0.837380
1169,189.117538,80.362923,-0.767077,0.641555
1170,100.099876,49.035465,0.978093,0.208167
1171,123.564262,144.520645,-0.103781,0.994600
1172,70.026970,94.523338,0.135453,-0.990784
1173,171.173553,88.382652,-0.859622,-0.510930
1174,189.309814,87.625092,-0.313614,-0.949551
1175,176.697525,168.588806,0.810096,-0.586298
1176,135.133759,181.121048,-0.800547,-0.599270
1177,43.245041,51.648655,-0.777897,-0.628392
1178,138.892227,70.073311,0.319015,-0.947750
1179,168.970062,29.607405,0.954433,0.298424
1180,162.979492,128.601059,0.377827,-0.925876
1181,12.178353,174.233887,0.135755,0.990742
1182,155.874771,21.201818,0.876951,0.480579
1183,74.075562,18.737970,0.675748,0.737133
1184,72.378876,104.688904,0.902476,-0.430740
1185,172.569244,164.173096,0.846275,0.532746
1186,169.227417,175.681747,-0.603150,-0.797628
1187,120.259628,166.766479,0.935322,-0.353799
1188,89.762962,106.544968,-0.544324,0.838875
1189,184.208298,50.530434,0.227321,-0.973820
1190,147.369141,97.364494,0.348737,0.937221
1191,159.750626,193.002365,-0.728321,0.685236
1192,108.446327,110.987038,-0.765947,-0.642904
1193,112.305779,74.791321,0.731467,0.681877
1194,160.425705,186.882660,0.735467,0.677561
1195,10.799828,102.795471,0.690383,-0.723444
1196,94.130241,14.463224,-0.737626,-0.675209
1197,12.691290,180.518555,0.917895,0.396822
1198,141.750168,168.126511,0.999973,-0.007292
1199,130.742157,84.848801,0.942675,-0.333711
1200,161.717758,120.536072,0.284572,-0.958655
1201,153.803360,198.330139,0.217637,0.976030
1202,12.542213,134.927292,-0.774724,0.632299
1203,162.875488,95.633026,0.258422,0.966032
1204,167.369431,94.904442,0.074092,0.997251
1205,84.504936,96.822319,0.819802,0.572647
1206,30.736971,75.802574,0.782411,0.622762
1207,111.526688,2.587898,0.611259,-0.791431
1208,134.132629,44.825397,0.354213,-0.935165
1209,32.850945,20.225563,0.369380,0.929278
1210,64.671181,56.846180,0.999402,0.034577
1211,155.903076,45.768650,-0.749946,-0.661499
1212,81.532349,152.735077,-0.985399,-0.170258
1213,111.400032,61.857933,0.362675,-0.931916
1214,132.818268,64.896416,0.522832,-0.852436
1215,132.134964,172.836960,0.941430,-0.337208
1216,62.426842,40.593662,-0.998072,0.062071
1217,179.340027,152.526398,0.419036,0.907970
1218,178.118484,12.773034,-0.069666,-0.997570
1219,68.492111,82.402077,-0.459682,0.888084
1220,2.383518,33.900200,-0.649900,0.760019
1221,38.589607,36.822899,-0.162970,-0.986631
1222,118.539200,7.896072,-0.938047,0.346507
1223,110.793518,81.112160,0.366167,-0.930549
1224,59.604298,197.480438,0.637162,-0.770730
1225,90.662674,114.837044,-0.896847,-0.442340
1226,42.237301,79.918037,-0.914576,-0.404413
1227,56.104511,111.030640,-0.516057,0.856554
1228,82.417168,150.224396,-0.833722,-0.552184
1229,138.964386,96.345268,0.742051,0.670343
1230,57.329735,145.406509,-0.958483,-0.285151
1231,45.172516,166.214630,0.253342,0.967377
1232,109.748215,78.640610,0.675004,-0.737814
1233,174.385086,129.093536,0.309557,-0.950881
1234,129.202606,107.075920,0.949441,0.313945
1235,140.687073,29.796515,0.052787,-0.998606
1236,40.842808,172.851929,-0.422285,0.906463
1237,105.834930,185.591934,0.573072,-0.819505
1238,13.929509,175.484482,-0.007579,0.999971
1239,2.211381,125.120895,0.712550,0.701621
1240,29.573656,35.252068,-0.411542,-0.911391
1241,72.172050,131.598099,-0.855151,0.518378
1242,34.591225,162.277100,-0.914789,0.403933
1243,43.964676,26.020298,0.169816,-0.985476
1244,185.837921,136.131012,0.027153,0.999631
1245,175.228897,17.589582,0.450405,-0.892824
1246,190.319092,122.361420,0.452264,0.891884
1247,142.819489,14.431566,0.904405,0.426674
1248,45.821587,196.519867,0.241855,-0.970312
1249,183.255112,126.324402,0.983435,0.181262
1250,199.923859,127.621635,-0.842901,-0.538069
1251,157.856094,184.364243,0.992035,0.125963
1252,196.641357,81.746941,-0.740106,0.672490
1253,35.243820,165.462463,0.992831,-0.119524
1254,0.353704,106.803291,0.933755,0.357913
1255,85.138519,150.139496,0.292132,-0.956378
1256,111.950531,134.336273,-0.010055,-0.999950
1257,71.875923,76.557793,-0.971179,0.238349
1258,50.027092,94.150536,0.989430,-0.145011
1259,165.002594,81.861969,0.935723,0.352737
1260,144.974045,78.501625,-0.999968,0.007994
1261,50.550343,120.684334,0.849926,0.526903
1262,36.281631,2.286251,0.753478,-0.657473
1263,172.273132,3.690527,0.702488,-0.711696
1264,11.503455,8.139533,0.825396,-0.564554
1265,97.833328,17.472980,-0.864087,-0.503343
1266,104.715584,140.364105,-0.729291,-0.684203
1267,7.606301,15.940834,-0.924223,0.381853
1268,98.539040,2.830785,0.903911,-0.427720
1269,87.412117,92.564453,0.539737,0.841834
1270,69.087334,105.068008,0.672807,-0.739818
1271,185.292725,112.348083,-0.999414,-0.034226
1272,41.485119,196.050369,-0.908414,-0.418072
1273,60.866154,125.157639,0.021974,0.999759
1274,179.898224,171.857697,0.945333,-0.326108
1275,164.720276,194.248810,0.739718,0.672916
1276,59.484798,126.535942,-0.703968,0.710232
1277,71.377808,148.185287,0.877943,-0.478765
1278,32.571190,120.160339,-0.500416,-0.865785
1279,16.724285,121.319145,-0.567652,-0.823268
1280,182.803528,60.895626,0.994782,0.102024
1281,23.437550,5.187114,0.928836,-0.370492
1282,172.451752,84.874916,-0.998994,0.044852
1283,104.262245,127.460945,-0.987079,-0.160237
1284,79.644295,120.920479,0.978203,0.207649
1285,13.475516,156.470215,0.871287,0.490774
1286,82.169655,147.532593,-0.719641,-0.694346
1287,31.500969,22.891203,-0.248659,0.968591
1288,100.341232,188.941406,0.989654,-0.143478
1289,115.466820,76.448975,0.012057,0.999927
1290,38.825352,192.069336,-0.983640,0.180148
1291,78.271812,24.209038,0.358544,-0.933513
1292,88.768402,67.326675,-0.967418,-0.253186
1293,12.724356,182.410065,-0.291997,-0.956419
1294,136.253296,110.218346,-0.029274,0.999571
1295,64.726990,47.323769,0.579886,-0.814698
1296,65.001205,171.294006,-0.824317,-0.566128
1297,10.986669,188.304550,0.003606,0.999993
1298,73.031464,3.417881,-0.997810,0.066140
1299,147.224548,27.478468,0.676704,0.736255
1300,126.422974,59.955944,-0.710555,-0.703642
1301,78.090157,89.961510,0.965596,0.260046
1302,71.763161,100.989182,0.705343,0.708866
1303,33.791645,3.268759,-0.788516,-0.615014
1304,191.984070,197.592957,0.560973,-0.827834
1305,23.466236,94.868622,0.034596,-0.999401
1306,166.089813,37.255280,-0.486304,-0.873790
1307,71.636772,147.156250,0.924662,0.380788
1308,126.516960,22.646702,-0.877577,0.479435
1309,20.933771,184.013168,0.573818,0.818983
1310,164.033981,52.443447,-0.839882,-0.542768
1311,156.471832,168.314331,0.268476,0.963286
1312,85.187607,80.276237,0.884296,-0.466927
1313,147.610046,113.027046,0.990981,-0.134003
1314,187.840851,45.273438,0.838912,0.544267
1315,84.622383,110.661484,-0.894482,0.447104
1316,21.407938,14.632724,-0.505515,-0.862818
1317,13.468033,113.724007,-0.917506,0.397723
1318,93.884338,119.058395,0.640256,0.768162
1319,111.542404,105.651138,-0.209754,0.977754
1320,187.202209,17.466745,-0.821072,-0.570824
1321,60.106411,26.960642,-0.171390,0.985203
1322,159.574738,134.621994,-0.984627,0.174668
1323,150.659714,175.184830,-0.999011,-0.044458
1324,131.312286,181.009552,-0.998276,0.058688
1325,73.664696,5.903245,-0.998199,-0.059991
1326,84.287827,17.642208,0.634339,0.773055
1327,72.442810,113.791100,-0.909405,0.415911
1328,116.699928,24.521734,0.818526,0.574470
1329,137.713928,109.151237,-0.284774,0.958595
1330,140.588654,61.576298,-0.286977,0.957938
1331,64.427017,87.357162,0.516823,0.856092
1332,168.877548,13.432847,0.753617,-0.657314
1333,110.305138,121.700043,-0.834873,-0.550442
1334,138.018860,73.631912,-0.367577,-0.929993
1335,80.992188,13.326203,-0.996876,0.078985
1336,48.009602,120.032028,-0.238584,0.971122
1337,23.850727,192.801743,0.360929,0.932593
1338,134.334686,146.320648,0.455090,-0.890446
1339,108.645149,80.654480,0.293760,-0.955879
1340,181.370346,65.492920,0.848390,-0.529372
1341,117.426178,22.310125,0.932786,0.360430
1342,102.191704,74.313759,0.916990,-0.398909
1343,78.375969,100.176796,-0.906090,-0.423086
1344,169.332672,119.753571,0.407175,-0.913350
1345,26.894142,146.003067,0.560403,-0.828220
1346,120.908508,166.710846,-0.474178,-0.880429
1347,46.327038,150.154846,-0.733788,-0.679379
1348,62.556690,45.989880,-0.410356,0.911926
1349,128.187653,158.068741,0.511980,0.858997
1350,99.275246,159.047394,-0.979148,0.203150
1351,80.718140,187.309479,0.364996,-0.931009
1352,9.974719,99.970100,-0.378422,0.925633
1353,163.600830,30.654327,-0.929227,0.369510
1354,95.812004,89.154579,-0.891448,0.453123
1355,153.837448,138.513870,-0.298822,-0.954309
1356,54.188778,82.136749,-0.222233,0.974994
1357,111.183121,95.421379,0.634506,0.772918
1358,164.993088,90.867249,0.722545,0.691324
1359,163.777985,2.230511,0.459368,0.888246
1360,129.216446,39.992302,-0.897548,0.440916
1361,143.592972,141.365005,0.668547,0.743670
1362,192.490799,59.825417,-0.973539,0.228521
1363,152.915878,12.787265,0.976280,0.216513
1364,163.686844,130.247421,-0.996451,-0.084174
1365,92.118324,110.982704,-0.538655,0.842527
1366,181.475250,18.898342,0.397476,-0.917613
1367,100.299232,154.685364,-0.965649,0.259849
1368,32.150700,12.152558,-0.983530,-0.180744
1369,89.400841,93.848091,-0.998621,0.052503
1370,155.886566,54.188232,-0.787249,0.616635
1371,37.251354,57.465919,-0.757685,-0.652620
1372,24.433012,135.531021,0.998403,0.056498
1373,180.846344,194.960052,-0.147011,0.989135
1374,113.500687,152.280548,0.908650,0.417559
1375,167.363754,190.853149,-0.097432,0.995242
1376,13.302064,71.538322,-0.999362,-0.035728
1377,114.690697,46.621296,0.889901,0.456154
1378,111.615936,39.147167,-0.892870,-0.450315
1379,140.425903,75.416260,-0.076428,0.997075
1380,196.496033,48.836128,-0.491193,-0.871051
1381,184.515671,14.193628,0.616958,0.786996
1382,42.806862,52.130562,-0.596229,0.802814
1383,88.276398,135.622284,0.021190,0.999775
1384,167.440033,72.931747,-0.120483,0.992715
1385,87.474075,20.732498,-0.897257,0.441509
1386,146.075287,26.656900,0.010579,0.999944
1387,18.576361,125.665977,-0.982349,-0.187056
1388,56.796608,38.301727,-0.999808,0.019575
1389,133.367798,162.192932,-0.998529,0.054215
1390,72.401237,91.422272,-0.789122,-0.614236
1391,72.662216,136.221970,-0.707676,0.706538
1392,132.157028,71.795135,-0.596739,-0.802435
1393,53.102108,163.952225,-0.843316,-0.537418
1394,152.605408,184.846085,0.947560,0.319577
1395,122.841164,23.168892,-0.946353,-0.323135
1396,166.341293,66.629288,-0.896213,0.443625
1397,31.754303,155.983017,-0.845089,0.534625
1398,94.452301,103.219063,0.384280,0.923217
1399,31.586185,41.612209,-0.877347,-0.479856
1400,153.608810,138.396042,-0.314279,-0.949331
1401,108.860001,149.675674,-0.891099,0.453809
1402,153.695297,117.387268,-0.715909,0.698193
1403,15.838926,71.094185,-0.968944,-0.247281
1404,45.549843,87.669655,-0.796586,-0.604525
1405,91.755463,182.359238,0.517388,-0.855751
1406,115.942635,56.428020,-0.388826,0.921311
1407,165.722900,17.920380,0.963324,-0.268340
1408,58.008984,164.627533,-0.538024,-0.842929
1409,37.957371,107.132256,-0.337417,0.941355
1410,48.888988,9.672060,-0.086317,-0.996268
1411,113.852966,81.319794,-0.918824,0.394667
1412,22.689753,106.005379,-0.181289,-0.983430
1413,28.047773,165.639923,0.301527,-0.953458
1414,6.014417,143.491119,0.762670,-0.646787
1415,75.527901,122.144478,-0.872208,0.489135
1416,49.824463,25.071472,-0.881159,0.472819
1417,70.793839,114.179298,-0.561040,0.827789
1418,19.149691,106.219460,-0.796707,0.604365
1419,117.251350,167.042938,0.917078,0.398707
1420,169.661270,110.175331,0.178157,-0.984002
1421,45.255550,133.487579,0.912152,0.409853
1422,163.612534,13.259523,0.989740,-0.142877
1423,174.541458,110.771263,0.491799,-0.870709
1424,119.013947,13.301528,0.468485,0.883471
1425,170.574203,129.456573,0.745765,-0.666210
1426,100.430389,194.858093,0.977192,0.212359
1427,184.252228,137.727310,-0.398646,0.917105
1428,163.931961,78.008377,-0.993143,-0.116908
1429,197.797729,180.842224,-0.942012,-0.335580
1430,173.615204,60.819824,-0.619263,-0.785184
1431,46.041260,88.229805,0.645731,-0.763565
1432,10.551725,190.915756,0.796097,-0.605169
1433,143.100174,53.445076,0.690908,0.722943
1434,28.666878,97.699997,-0.970195,-0.242327
1435,23.192711,139.024048,0.996826,0.079611
1436,74.700752,4.195875,-0.999996,-0.002998
1437,77.579697,145.931625,-0.790975,-0.611849
1438,31.647575,133.975876,0.247477,0.968894
1439,187.964935,7.305165,-0.661421,-0.750015
1440,89.392082,110.096382,0.072500,0.997368
1441,67.577827,49.524109,-0.992021,0.126072
1442,25.103088,62.325680,-0.502673,0.864476
1443,130.218048,188.722794,-0.158916,-0.987292
1444,146.243164,103.021561,0.455465,0.890253
1445,112.144913,179.436646,-0.832162,0.554533
1446,85.520180,13.505033,-0.380334,-0.924849
1447,23.885853,184.184128,-0.506441,0.862275
1448,82.906288,25.703781,0.999607,-0.028034
1449,173.351288,12.575488,-0.700813,0.713345
1450,18.996506,90.059143,-0.269838,-0.962906
1451,170.827286,42.952576,-0.234453,-0.972127
1452,170.460571,174.487076,-0.979193,-0.202932
1453,33.851051,112.780975,-0.967839,0.251570
1454,83.925179,186.607925,0.498701,-0.866774
1455,197.155533,181.964722,-0.705170,-0.709038
1456,82.071159,92.084236,0.598721,0.800957
1457,102.318954,132.354294,-0.923179,-0.384371
1458,133.630920,44.645199,-0.198525,-0.980096
1459,43.975990,148.744553,-0.408277,-0.912858
1460,164.786819,33.476589,-0.346511,-0.938046
1461,35.882584,83.308632,-0.560170,-0.828378
1462,129.018631,80.711937,-0.130265,-0.991479
1463,70.629402,115.705925,0.996907,-0.078596
1464,188.100372,11.831371,-0.892975,0.450107
1465,194.052429,115.377213,-0.292419,-0.956290
1466,91.605217,182.690308,0.993279,0.115747
1467,148.057587,68.259521,0.577310,0.816525
1468,109.418358,131.917603,-0.783252,-0.621704
1469,25.052534,183.811050,0.976431,0.215829
1470,141.055893,156.234482,-0.443951,0.896051
1471,45.206635,191.834091,-0.237261,-0.971446
1472,103.017120,115.277664,0.806343,0.591448
1473,87.002937,177.938141,0.730925,-0.682458
1474,166.115509,128.443451,-0.711273,-0.702916
1475,135.095291,21.083990,-0.351166,-0.936313
1476,176.879562,71.588638,0.984939,-0.172901
1477,119.111748,144.947571,-0.140551,0.990073
1478,187.276932,46.594322,-0.854899,0.518794
1479,63.716999,134.534164,0.027171,0.999631
1480,22.453407,126.063759,-0.957538,-0.288306
1481,55.255215,29.920887,-0.719267,-0.694734
1482,44.769958,152.557068,-0.479919,-0.877313
1483,177.150406,27.501036,0.814723,0.579851
1484,86.857155,95.658913,0.803161,0.595761
1485,17.617748,29.059530,0.126661,0.991946
1486,147.421097,18.214479,-0.826051,0.563595
1487,103.302536,135.412918,-0.932986,-0.359913
1488,31.370001,197.685760,-0.946879,0.321589
1489,126.237106,92.425995,-0.998789,0.049194
1490,178.861633,138.723099,-0.717499,0.696560
1491,76.503387,110.255653,-0.936631,-0.350319
1492,176.234360,43.385685,0.612424,0.790530
1493,10.720243,11.137804,-0.556507,-0.830843
1494,76.856667,142.824203,0.990897,-0.134620
1495,62.789024,133.224716,0.731026,-0.682350
1496,126.467293,59.949375,-0.076898,-0.997039
1497,152.541275,81.906502,-0.706145,-0.708067
1498,11.515845,115.093391,-0.762468,-0.647025
1499,187.301971,78.248871,-0.807926,-0.589283
1500,143.790375,148.340439,-0.482116,0.876107
1501,146.646576,8.097545,0.674954,0.737859
1502,161.733032,101.487869,0.998663,0.051694
1503,63.852184,179.026749,0.987542,0.157358
1504,95.767937,81.371216,0.847244,0.531204
1505,91.747894,39.686707,0.258166,-0.966100
1506,151.861298,15.603877,-0.397701,0.917515
1507,80.925713,13.682018,-0.367272,0.930114
1508,93.271416,94.518486,-0.914578,0.404410
1509,74.029114,162.658371,-0.659883,0.751368
1510,38.507557,174.647186,-0.107798,0.994173
1511,161.725601,183.989273,0.930558,0.366145
1512,132.747299,3.981031,0.605393,0.795927
1513,173.306915,110.818008,0.983081,0.183170
1514,15.976582,60.954636,0.988779,-0.149388
1515,47.772732,82.692482,0.884876,-0.465826
1516,84.599937,126.022446,-0.737177,0.675700
1517,16.104916,183.345825,0.955147,0.296132
1518,83.725090,34.731792,-0.999029,-0.044065
1519,66.107635,3.352724,0.497202,0.867635
1520,184.888931,196.663834,0.676788,0.736178
1521,99.550728,121.273117,0.958468,-0.285202
1522,140.950592,188.278687,-0.689690,-0.724105
1523,31.184591,16.455908,-0.574746,0.818332
1524,168.076630,102.585991,-0.176164,-0.984361
1525,164.167511,63.085026,-0.976469,-0.215659
1526,93.794586,197.361984,0.456117,0.889920
1527,167.830826,170.441360,-0.985994,-0.166783
1528,179.805222,25.673611,-0.990785,0.135445
1529,62.619251,33.675529,-0.581019,-0.813890
1530,127.363503,84.299751,-0.875084,-0.483972
1531,84.531059,185.286179,-0.391532,-0.920165
1532,184.593643,120.065941,0.779451,0.626463
1533,113.375801,121.884239,-0.386236,-0.922400
1534,180.451721,131.411194,-0.909972,0.414669
1535,179.860596,172.608459,-0.979102,0.203368
1536,87.515999,68.797951,-0.981576,-0.191073
1537,161.845062,131.702454,-0.890267,0.455439
1538,110.654190,45.552834,0.959772,0.280782
1539,140.682068,130.518921,0.884200,-0.467109
1540,124.496086,25.849606,-0.224000,-0.974589
1541,50.698967,160.982727,0.985424,0.170115
1542,111.363731,162.122391,-0.004462,-0.999990
1543,45.779846,147.337769,-0.477417,-0.878677
1544,167.016159,112.547539,-0.404225,-0.914660
1545,154.846649,136.828964,0.858838,-0.512247
1546,199.440292,175.026810,-0.458085,-0.888909
1547,156.545502,48.307503,-0.934629,-0.355625
1548,5.205495,134.861679,0.979699,-0.200474
1549,71.105774,97.015366,-0.861578,0.507626
1550,192.436554,22.470539,0.821614,0.570044
1551,199.187393,177.643448,-0.992861,0.119275
1552,126.558266,137.331192,0.743962,-0.668222
1553,50.947144,149.282303,0.184503,0.982832
1554,116.108833,5.722194,0.844460,0.535619
1555,60.016487,60.732594,-0.042015,-0.999117
1556,182.545898,130.610275,0.229527,0.973302
1557,162.955109,151.595673,-0.600896,-0.799327
1558,100.584351,177.922882,0.324198,-0.945989
1559,177.745483,26.208010,-0.801319,-0.598237
1560,16.317783,154.586914,0.999991,-0.004285
1561,180.655579,129.481018,-0.684938,0.728602
1562,131.061859,43.243015,-0.605847,0.795581
1563,8.948500,7.795776,0.509397,-0.860532
1564,22.165733,96.258110,-0.712343,-0.701831
1565,178.749557,66.702324,-0.953077,0.302726
1566,120.468849,198.117249,-0.440157,-0.897921
1567,180.373398,1.958601,-0.420428,0.907326
1568,74.097588,149.333908,-0.114319,0.993444
1569,170.109375,152.584061,0.152443,-0.988312
1570,123.043655,20.791451,0.699635,0.714500
1571,21.816029,26.221174,-0.967367,-0.253378
1572,72.505402,148.353867,0.955130,-0.296186
1573,78.671333,73.899811,-0.240339,0.970689
1574,129.218597,18.124544,0.157534,0.987514
1575,98.382088,61.535492,0.122943,0.992414
1576,161.426453,128.502884,0.512979,-0.858401
1577,62.801289,39.294846,-0.805535,-0.592548
1578,126.900032,62.569328,-0.811831,-0.583893
1579,59.490437,145.004456,-0.661896,0.749595
1580,30.948412,7.632598,0.641889,0.766797
1581,68.220680,87.686874,0.352819,-0.935692
1582,149.222656,134.006516,0.806747,0.590898
1583,88.154350,107.381203,-0.321339,0.946964
1584,58.416187,114.078445,-0.969081,-0.246742
1585,40.898643,68.890358,-0.989284,0.146003
1586,187.320160,124.841499,-0.902559,-0.430567
1587,113.073860,112.552635,-0.696680,0.717382
1588,199.232895,151.761749,-0.149333,-0.988787
1589,47.899479,197.905426,-0.267558,-0.963542
1590,197.054398,118.173386,0.229448,0.973321
1591,23.612543,127.835838,0.856826,-0.515605
1592,168.395493,121.583206,0.356639,-0.934242
1593,166.789856,32.155376,0.079086,-0.996868
1594,117.303726,149.793243,-0.619780,-0.784775
1595,82.711510,183.325104,0.658855,0.752270
1596,78.711243,157.578491,0.363988,-0.931403
1597,20.872192,143.364655,0.998053,0.062366
1598,78.357018,98.840195,-0.492386,-0.870377
1599,198.529922,58.800240,-0.985369,-0.170437
1600,65.550331,180.225449,0.775042,0.631910
1601,133.991089,53.366188,0.999907,0.013614
1602,104.060738,81.187469,0.550476,-0.834851
1603,126.615662,108.908440,0.761915,0.647677
1604,106.119141,113.339149,-0.855882,-0.517170
1605,22.424532,178.810501,-0.982038,-0.188683
1606,176.153778,68.516159,-0.536193,0.844095
1607,68.729935,101.179253,0.947637,0.319349
1608,91.786530,117.585884,-0.496177,0.868221
1609,170.561905,139.163071,0.254259,0.967136
1610,113.548271,98.660133,0.590808,0.806812
1611,102.998131,165.871368,0.017290,-0.999851
1612,163.126343,178.839050,0.975142,-0.221580
1613,44.864552,83.020813,0.858438,0.512918
1614,62.648594,132.365234,-0.600154,-0.799884
1615,73.924774,175.110794,-0.527570,0.849511
1616,3.099890,170.853607,0.898739,0.438485
1617,152.655411,6.940172,0.883033,-0.469311
1618,96.790375,136.365936,0.045554,-0.998962
1619,152.260788,132.475388,0.526138,-0.850399
1620,38.276108,88.238510,0.217767,0.976001
1621,75.278381,112.280144,-0.221909,-0.975067
1622,81.343597,121.680229,-0.990659,0.136359
1623,42.441704,84.698036,0.709867,-0.704336
1624,84.110153,178.724854,0.075979,-0.997109
1625,46.361584,98.125946,-0.824676,0.565605
1626,194.740143,186.081955,-0.974140,-0.225944
1627,67.383072,81.764763,-0.929606,0.368556
1628,150.598892,170.542862,0.919007,-0.394241
1629,41.991261,74.449875,-0.786665,0.617380
1630,152.349121,182.098389,0.495221,0.868767
1631,197.730728,180.988998,0.008794,-0.999961
1632,57.209549,31.378489,0.338253,0.941055
1633,129.336578,122.056458,-0.309232,-0.950987
1634,146.833832,21.839243,-0.139645,0.990202
1635,175.802185,198.530426,-0.456309,0.889821
1636,81.206543,198.330658,-0.677048,-0.735939
1637,146.206543,14.344038,0.514511,-0.857484
1638,178.895630,72.726028,-0.361925,-0.932207
1639,78.198242,111.540092,-0.998432,-0.055973
1640,182.280121,128.935638,-0.999999,0.001636
1641,105.966537,135.552750,-0.676269,-0.736655
1642,20.214432,23.317301,-0.998441,0.055818
1643,53.266575,159.256577,0.878376,0.477971
1644,22.412447,129.839630,0.660252,-0.751044
1645,34.928822,174.326248,-0.870644,0.491914
1646,58.720024,22.696129,-0.064861,0.997894
1647,119.119934,5.861450,-0.556669,0.830735
1648,140.694687,175.415436,0.716517,-0.697569
1649,194.936600,78.320847,-0.818540,-0.574450
1650,116.050972,186.729919,0.683825,0.729646
1651,120.121529,171.702301,0.964421,0.264371
1652,83.211349,140.548279,-0.670484,-0.741924
1653,88.775925,20.042635,-0.931869,0.362794
1654,66.595871,188.510666,0.610770,0.791808
1655,7.790339,108.537621,0.947741,-0.319041
1656,158.032181,20.898170,0.964563,-0.263853
1657,120.880112,20.977207,0.855374,0.518011
1658,80.141251,102.749947,-0.515707,-0.856765
1659,143.796188,147.899399,-0.397153,0.917753
1660,40.808193,2.305431,0.657031,0.753863
1661,136.200897,164.187820,-0.712783,0.701385
1662,37.011238,188.697311,-0.997173,-0.075144
1663,121.664032,182.342972,0.485160,-0.874425
1664,50.758266,155.900620,-0.476917,0.878948
1665,193.597031,82.852875,-0.951309,-0.308240
1666,161.818771,184.533340,-0.007806,0.999969
1667,156.797409,78.118568,0.913983,-0.405752
1668,172.765625,67.989265,-0.293374,0.955998
1669,80.737602,112.710075,-0.940516,0.339749
1670,27.728424,28.034834,0.996979,0.077668
1671,116.919983,114.442749,-0.630817,0.775932
1672,30.971886,41.411480,-0.445159,-0.895452
1673,132.100052,163.016983,-0.953465,0.301502
1674,176.597626,27.026745,-0.980775,0.195141
1675,19.105522,104.740089,-0.994071,-0.108731
1676,182.498047,154.477310,-0.406221,0.913775
1677,134.078293,96.354042,0.302579,0.953124
1678,25.511290,116.309204,-0.963466,-0.267832
1679,166.900223,11.467587,0.293440,-0.955978
1680,90.129036,197.003784,0.688307,0.725420
1681,67.939583,15.168751,0.848627,0.528992
1682,157.204788,47.679676,-0.993100,0.117270
1683,172.521439,30.903746,0.663487,0.748188
1684,164.613861,14.375996,0.687111,-0.726553
1685,175.109528,14.085561,0.800763,-0.598981
1686,44.316418,70.476700,-0.998260,0.058968
1687,62.839325,22.668081,-0.109318,0.994007
1688,180.789307,91.381355,-0.985072,0.172142
1689,192.098572,126.022041,0.647652,0.761936
1690,48.918678,84.595444,-0.706347,0.707866
1691,28.096676,190.021942,-0.942174,0.335124
1692,148.975739,102.667084,0.464656,0.885491
1693,143.914658,136.541214,0.498179,0.867074
1694,65.042641,122.463036,0.638574,0.769561
1695,124.637962,90.696564,-0.026231,0.999656
1696,55.859081,35.086575,-0.721786,-0.692116
1697,193.742203,53.561832,-0.941604,-0.336722
1698,53.921822,137.322723,-0.365360,0.930866
1699,183.044128,16.426025,0.563023,0.826441
1700,187.259109,165.141785,0.889676,-0.456592
1701,97.650337,159.442337,-0.968777,-0.247934
1702,16.076633,86.712830,-0.267061,0.963680
1703,136.153763,96.732384,0.517749,0.855533
1704,43.227013,134.950012,-0.086667,0.996237
1705,115.946465,118.063347,-0.586730,-0.809783
1706,102.618362,63.966892,-0.234130,0.972206
1707,7.675580,38.724209,-0.954090,-0.299520
1708,89.352806,65.420410,0.634071,0.773274
1709,159.823471,141.924408,-0.237291,-0.971439
1710,72.412857,13.602191,0.605372,0.795942
1711,155.659302,45.313560,-0.993414,-0.114581
1712,57.807110,96.503799,0.849152,-0.528149
1713,181.569962,114.785873,0.765666,0.643238
1714,135.391571,86.258636,0.999999,-0.001039
1715,66.215591,136.134888,-0.036698,0.999326
1716,60.088684,171.606842,0.973767,-0.227546
1717,128.678452,41.260979,-0.979943,-0.199280
1718,140.796417,141.073303,0.969605,0.244674
1719,162.481293,31.866585,-0.232578,-0.972578
1720,166.425400,59.140766,-0.999632,0.027143
1721,126.168724,110.583221,0.350494,-0.936565
1722,32.048737,75.949928,-0.431479,0.902123
1723,100.931908,15.678452,-0.763319,-0.646022
1724,82.381790,137.487396,0.818326,-0.574754
1725,111.763428,110.896149,0.036835,0.999321
1726,100.294922,120.305275,-0.982370,0.186947
1727,162.167038,75.568207,0.110072,-0.993924
1728,68.459503,138.223419,-0.573069,0.819507
1729,188.948288,155.883163,-0.976276,0.216531
1730,127.309334,46.345203,0.061169,-0.998127
1731,23.138988,181.687485,-0.676194,-0.736724
1732,112.690498,186.965576,0.944718,-0.327883
1733,31.277727,89.044930,-0.925533,0.378668
1734,68.747528,19.766287,0.358753,0.933433
1735,73.293320,102.786346,0.537299,0.843392
1736,24.345074,48.084297,0.929259,-0.369429
1737,92.171509,123.027718,0.001637,-0.999999
1738,66.293495,97.165817,-0.570069,0.821597
1739,165.206085,174.904648,0.833478,-0.552553
1740,104.445091,152.580383,0.360458,0.932776
1741,184.976425,54.612034,-0.191908,-0.981413
1742,93.360909,62.746616,0.532350,-0.846525
1743,76.131706,89.788338,-0.508098,0.861299
1744,31.757215,162.536209,0.606523,0.795066
1745,196.366348,85.588303,-0.980447,0.196786
1746,122.978371,53.211102,0.076872,-0.997041
1747,150.542206,79.072388,0.998591,0.053075
1748,173.805008,65.243744,-0.621360,-0.783526
1749,67.880745,2.106803,0.247687,0.968840
1750,16.844244,164.274399,-0.541794,0.840511
1751,66.784325,180.424591,0.950889,0.309533
1752,126.912949,180.573288,0.414148,-0.910209
1753,195.135254,124.309525,0.036144,0.999347
1754,123.361290,31.008434,0.470981,-0.882143
1755,109.707115,64.564026,-0.236670,-0.971590
1756,27.169828,197.458939,-0.988225,0.153005
1757,98.367477,181.588150,0.265811,-0.964025
1758,82.859703,168.114395,0.686145,0.727465
1759,193.796310,21.127127,0.789723,0.613464
1760,101.290535,116.677193,-0.361712,0.932290
1761,17.894402,88.970154,-0.943423,0.331592
1762,70.409286,82.588554,-0.903219,-0.429181
1763,35.175858,17.509314,-0.986475,0.163910
1764,170.779617,180.310455,-0.640399,-0.768042
1765,168.417007,2.228054,0.081067,0.996709
1766,75.576096,162.866592,0.988616,0.150459
1767,65.703293,123.591415,-0.964378,0.264528
1768,150.303726,62.448895,0.199360,0.979926
1769,110.980797,104.867111,-0.583246,-0.812296
1770,189.816666,102.609314,-0.467047,0.884233
1771,6.638187,135.238800,-0.131889,0.991265
1772,49.221844,87.253403,-0.974039,0.226381
1773,56.170643,141.189377,0.884136,0.467230
1774,184.469238,50.956356,-0.897421,0.441175
1775,55.449219,149.015656,-0.985190,-0.171464
1776,12.071507,28.118935,-0.264326,0.964433
1777,186.700180,48.676533,-0.783725,-0.621108
1778,51.294392,154.278625,-0.967977,-0.251040
1779,178.571228,103.773514,-0.762067,0.647498
1780,126.491035,178.414795,0.300053,0.953923
1781,12.179906,2.445819,0.968932,-0.247329
1782,15.540934,96.136345,0.999699,0.024542
1783,117.047989,55.565681,-0.608337,0.793679
1784,48.762131,141.247284,0.727839,-0.685748
1785,38.181522,54.153225,-0.999644,0.026663
1786,3.842201,168.858597,-0.682244,0.731124
1787,187.476425,127.137184,-0.888352,-0.459163
1788,24.429029,122.584358,-0.598985,-0.800760
1789,156.658646,87.416145,0.106871,-0.994273
1790,84.675941,25.767933,-0.158634,0.987337
1791,155.919907,78.510490,0.744520,0.667601
1792,157.208572,28.754192,0.500899,0.865506
1793,139.010910,173.626785,0.196677,-0.980468
1794,4.079083,15.572027,-0.999997,-0.002272
1795,175.194443,132.106522,-0.425770,-0.904831
1796,164.236710,13.086013,0.549883,-0.835242
1797,130.849365,32.160320,0.469646,0.882855
1798,136.451492,112.207222,0.252405,-0.967622
1799,122.970764,192.741516,0.966774,0.255634
1800,54.000809,34.536709,-0.743118,-0.669160
1801,45.457554,172.804520,0.180615,-0.983554
1802,173.288071,27.351585,-0.944201,-0.329370
1803,105.992737,116.988380,-0.986759,-0.162191
1804,135.129852,120.326973,-0.058501,-0.998287
1805,21.627436,116.691719,0.468180,0.883633
1806,80.184486,113.116867,-0.901306,0.433183
1807,41.856098,54.040737,-0.609082,-0.793107
1808,20.334019,168.851883,-0.940596,0.339528
1809,197.839157,140.959915,-0.354705,0.934978
1810,17.777590,128.364548,-0.212659,0.977126
1811,105.490715,12.861705,-0.918615,0.395154
1812,106.470139,158.749542,-0.532115,0.846672
1813,8.096618,184.573212,0.645673,0.763614
1814,25.952967,111.845688,0.986325,-0.164810
1815,75.840385,76.897934,-0.799161,0.601116
1816,130.001099,7.095667,-0.204018,0.978967
1817,121.254623,35.341892,0.989892,0.141825
1818,12.017056,1.136342,-0.291759,0.956492
1819,128.929993,31.154037,0.786322,-0.617817
1820,44.135929,194.278671,-0.713415,-0.700741
1821,130.959244,144.207748,-0.733367,-0.679833
1822,18.055914,41.679699,-0.715164,-0.698957
1823,9.118337,103.688950,-0.233283,0.972409
1824,31.489744,158.079727,0.993461,0.114176
1825,198.554245,138.497818,-0.398927,0.916983
1826,31.022026,7.908165,-0.300829,0.953678
1827,185.184921,143.043488,-0.403928,0.914791
1828,90.094597,157.635101,0.997859,-0.065400
1829,173.259048,69.858002,-0.888273,-0.459317
1830,156.851288,43.932922,-0.716458,0.697630
1831,129.761475,116.216515,-0.683927,-0.729550
1832,124.929344,43.529278,-0.873346,0.487100
1833,141.450943,41.992146,0.897565,-0.440882
1834,118.282387,56.800102,-0.674773,-0.738025
1835,45.672928,151.073898,0.584714,-0.811240
1836,139.649582,151.942459,-0.756162,0.654385
1837,139.523224,69.109474,0.433790,-0.901014
1838,55.321404,38.735073,-0.999107,-0.042240
1839,8.782976,36.941971,-0.855021,-0.518593
1840,62.882767,58.996216,0.479283,0.877660
1841,74.047211,49.210121,-0.684901,-0.728636
1842,130.247223,110.103851,0.738742,-0.673989
1843,87.703453,25.988548,-0.824727,0.565531
1844,125.932129,89.353622,-0.233124,0.972447
1845,112.553757,32.624111,-0.258163,0.966101
1846,140.709930,187.963562,-0.320045,0.947402
1847,100.216476,63.443184,0.289112,0.957295
1848,196.403809,15.646557,-0.029444,-0.999566
1849,79.972435,174.990952,0.050168,0.998741
1850,21.016617,125.758141,-0.864880,0.501978
1851,40.645329,2.309445,0.976263,0.216590
1852,111.432518,79.181862,0.857289,0.514835
1853,99.730896,65.610703,-0.964909,0.262583
1854,2.729426,18.292469,-0.797956,0.602716
1855,112.180763,83.375420,-0.998320,0.057949
1856,117.805328,178.718140,-0.324763,0.945795
1857,63.962646,79.107918,0.948642,0.316352
1858,35.083004,16.597813,-0.890118,0.455730
1859,23.454262,44.777554,-0.152306,-0.988333
1860,157.017090,78.049812,0.917103,0.398651
1861,164.434219,60.304436,-0.874912,0.484281
1862,51.505131,92.304848,0.668531,-0.743685
1863,85.359177,117.201645,-0.903098,-0.429434
1864,179.555725,140.677643,-0.591228,0.806504
1865,30.256662,23.861336,-0.992933,0.118673
1866,137.048523,158.800858,-0.929116,0.369789
1867,135.102707,44.640594,0.743663,-0.668555
1868,110.280968,4.714013,0.990357,0.138536
1869,61.156319,169.561890,0.922805,0.385268
1870,24.088806,184.024796,-0.680570,0.732683
1871,98.015816,97.380623,-0.711011,0.703181
1872,121.318398,138.734116,0.412751,-0.910844
1873,85.163544,100.823601,0.454599,-0.890696
1874,66.527641,126.013435,-0.889199,0.457520
1875,86.982346,138.945663,0.355788,-0.934567
1876,182.792038,198.066345,-0.741651,-0.670786
1877,184.549484,65.007057,-0.689560,-0.724229
1878,74.887573,55.600281,-0.990517,0.137388
1879,120.893486,29.267872,-0.999509,0.031340
1880,36.375496,61.484169,-0.752247,-0.658881
1881,177.297333,165.081253,0.417228,-0.908802
1882,164.970718,78.322327,0.083798,-0.996483
1883,88.607445,33.986629,-0.393754,-0.919216
1884,7.707769,28.901279,0.201850,0.979416
1885,95.136917,153.708405,-0.982865,0.184329
1886,138.070038,84.979317,-0.336391,0.941723
1887,23.810492,60.941341,-0.599275,0.800543
1888,40.150135,122.933647,-0.845756,0.533570
1889,168.098969,131.643234,-0.984763,-0.173900
1890,149.847855,15.651775,-0.075126,0.997174
1891,59.326828,94.502747,0.993880,-0.110462
1892,155.972488,26.354385,0.863330,-0.504640
1893,155.340988,89.076576,0.512013,-0.858978
1894,109.696915,37.020615,-0.095910,0.995390
1895,142.631805,13.622043,0.965745,0.259491
1896,13.715742,185.994934,0.163133,-0.986604
1897,190.390686,44.097168,-0.455449,0.890262
1898,119.556190,85.821159,-0.647503,0.762063
1899,140.501419,18.755798,0.094604,-0.995515
1900,197.862961,150.769669,-0.152241,-0.988343
1901,37.944206,92.501396,0.393802,0.919195
1902,82.542046,118.516022,-0.986256,0.165225
1903,59.854687,31.961996,-0.599832,-0.800126
1904,9.513323,128.700256,0.556715,0.830704
1905,67.518616,28.223106,0.999968,-0.008005
1906,162.459854,110.593864,0.538777,0.842448
1907,26.036221,5.257164,-0.995232,0.097534
1908,84.567612,0.847446,-0.862097,-0.506744
1909,96.872787,31.446802,0.866100,0.499871
1910,138.736115,111.869141,0.459099,0.888385
1911,129.721527,193.668869,0.953764,-0.300555
1912,51.087158,3.067043,-0.915499,0.402321
1913,62.908047,170.119858,0.364465,0.931217
1914,127.086937,53.753761,0.407165,-0.913354
1915,33.676819,159.786697,-0.876304,0.481759
1916,148.680557,106.458557,-0.229078,-0.973408
1917,178.133408,122.413475,0.481747,-0.876311
1918,108.377258,17.315554,-0.997466,-0.071149
1919,83.520905,27.793688,-0.646010,-0.763329
1920,190.578323,84.959122,-0.959814,-0.280637
1921,179.418091,195.225372,-0.751063,0.660230
1922,49.504333,159.360474,-0.760768,0.649024
1923,16.337278,72.564949,0.814239,-0.580529
1924,103.075691,80.873894,0.122087,-0.992519
1925,178.181122,108.021072,-0.725197,0.688541
1926,44.370327,46.544422,0.793688,-0.608325
1927,17.465235,4.993650,0.574817,-0.818282
1928,22.884487,68.278320,-0.942527,-0.334129
1929,66.401863,190.926788,-0.747005,-0.664818
1930,176.513748,10.442169,-0.165269,0.986249
1931,27.904797,87.817398,0.030509,-0.999535
1932,34.506283,94.417831,-0.691462,-0.722413
1933,128.559448,165.542267,0.411954,0.911205
1934,142.160095,1.656805,-0.981631,-0.190789
1935,66.319473,104.284912,0.781094,0.624413
1936,132.030411,46.103580,0.826797,0.562501
1937,63.000149,132.825500,-0.346683,0.937982
1938,96.297256,9.016351,0.238406,-0.971166
1939,79.095726,19.674789,-0.674826,0.737977
1940,39.721115,137.120422,0.985678,0.168636
1941,65.519798,24.644785,-0.573013,0.819546
1942,15.412967,124.089958,-0.315622,0.948885
1943,31.335258,187.571304,-0.409358,0.912374
1944,64.527260,88.970444,0.735847,-0.677148
1945,189.529129,56.877266,-0.509104,-0.860705
1946,193.631332,13.962775,-0.999120,0.041952
1947,50.979458,187.039444,0.452532,0.891748
1948,140.265366,2.184729,0.514550,-0.857461
1949,191.794968,110.035629,0.338549,-0.940949
1950,37.807743,187.558914,0.175993,-0.984391
1951,49.763187,8.542792,-0.264908,-0.964274
1952,189.324219,123.793663,0.424317,0.905514
1953,141.312500,199.023529,-0.929444,0.368964
1954,58.283386,26.913496,0.743297,0.668961
1955,58.224232,23.719311,0.436894,0.899513
1956,195.450607,114.088516,0.217816,0.975990
1957,121.999016,194.510468,0.997450,-0.071367
1958,155.169922,86.702858,0.880340,0.474343
1959,97.767250,120.689079,0.018257,-0.999833
1960,23.074339,33.257782,-0.280916,-0.959732
1961,123.204559,20.084360,0.800172,0.599771
1962,195.755234,81.130692,-0.975393,-0.220476
1963,143.960556,80.154205,0.430488,0.902596
1964,30.936861,67.520721,0.899976,0.435939
1965,170.139816,89.324493,-0.991344,0.131287
1966,105.197289,13.639200,-0.744458,0.667670
1967,27.700382,74.410271,-0.999191,0.040213
1968,81.485153,156.283630,0.045062,-0.998984
1969,165.757584,113.225067,0.658740,0.752371
1970,184.512390,32.327011,-0.897103,0.441822
1971,8.297295,183.923904,0.967579,-0.252568
1972,26.376196,67.988525,0.536436,-0.843941
1973,176.001892,147.374863,0.950927,0.309415
1974,31.184381,19.125763,0.704179,-0.710022
1975,20.755148,186.108902,0.223293,0.974751
1976,58.395794,199.344498,0.533646,-0.845708
1977,19.891636,185.618454,-0.098567,0.995130
1978,103.446449,103.059814,-0.828153,-0.560502
1979,49.929806,118.215446,0.230634,0.973041
1980,173.113007,176.221436,-0.241862,0.970311
1981,191.492966,24.054083,-0.821478,-0.570240
1982,199.539444,172.092941,-0.960867,0.277009
1983,79.322205,38.759953,0.398815,-0.917031
1984,11.715184,104.860573,0.315379,0.948966
1985,127.074791,39.435959,-0.098931,-0.995094
1986,66.800377,168.596786,0.819160,-0.573565
1987,132.945831,125.357864,-0.769812,-0.638270
1988,45.160320,187.726959,0.507989,0.861364
1989,17.223928,85.273178,0.962025,-0.272963
1990,140.367065,116.985550,0.707186,0.707028
1991,121.295952,182.539261,-0.190939,0.981602
1992,2.557850,172.052521,-0.610121,0.792308
1993,187.590302,11.420815,0.180808,0.983518
1994,115.973763,84.248848,0.460829,-0.887489
1995,15.121213,167.051468,-0.889741,-0.456465
1996,155.103180,124.084724,-0.481103,-0.876664
1997,46.581356,198.730789,-0.711732,-0.702451
1998,73.270058,102.427628,0.566225,0.824251
1999,146.346634,194.683899,-0.856489,-0.516166
2000,75.937111,157.326187,0.820039,-0.572308
2001,176.557449,104.979431,-0.794682,0.607026
2002,133.381393,112.734047,0.995850,0.091014
2003,143.011581,133.502274,-0.596253,-0.802797
2004,74.498123,84.451469,0.751024,0.660275
2005,61.521896,142.614426,0.323310,0.946293
2006,68.343880,19.453138,0.484815,0.874617
2007,16.760393,28.529551,-0.981975,-0.189011
2008,40.299408,15.484598,0.780425,0.625249
2009,192.093414,44.384838,-0.478618,0.878023
2010,148.593979,128.447739,0.628619,0.777714
2011,13.113689,194.107025,0.864436,0.502744
2012,63.959293,64.845436,0.163616,-0.986524
2013,35.228237,179.128891,-0.808586,0.588377
2014,145.630432,112.623985,0.952223,-0.305404
2015,120.456192,118.431503,0.289356,0.957221
2016,84.910263,76.836548,0.999124,-0.041848
2017,166.209702,56.431702,-0.951106,-0.308865
2018,165.619553,180.666412,-0.227838,0.973699
2019,15.607396,24.107790,-0.782472,0.622686
2020,34.861145,137.093369,0.666008,-0.745945
2021,94.836021,101.096275,-0.048774,0.998810
2022,98.297844,93.696175,-0.917997,-0.396586
2023,60.758610,188.551575,0.630204,0.776430
2024,183.819168,130.310944,0.273251,0.961943
2025,129.118835,114.140282,-0.274647,0.961545
2026,197.367004,181.843307,-0.754593,-0.656193
2027,45.788952,21.852873,-0.622080,0.782954
2028,64.049736,172.493866,0.999476,0.032378
2029,183.425476,15.361676,-0.313301,0.949654
2030,143.468277,34.735088,0.240746,-0.970588
2031,161.113144,71.161003,0.980433,0.196851
2032,110.128067,82.209465,0.152285,-0.988337
2033,0.785440,6.605956,-0.330294,-0.943878
2034,24.575560,19.503424,-0.786876,-0.617112
2035,50.287697,81.946228,-0.993905,0.110237
2036,162.926315,12.413150,-0.124817,-0.992180
2037,176.559494,105.587364,0.187969,0.982175
2038,29.586552,28.393911,-0.393076,-0.919506
2039,20.692596,133.861282,0.704218,-0.709984
2040,196.491379,166.917130,-0.872770,-0.488132
2041,186.695343,145.681503,0.927964,0.372670
2042,8.140014,1.702407,0.149511,0.988760
2043,86.497673,8.635531,0.764755,-0.644321
2044,4.150489,164.363174,-0.629801,0.776756
2045,181.524399,76.995186,-0.910064,0.414468
2046,124.033348,185.623932,-0.222581,-0.974914
2047,126.496155,36.955803,0.311404,-0.950278
