id,x,y,dir_x,dir_y,cell_idx
0,14.663776,38.369030,-0.705936,-0.708275,0
1,11.938612,21.654417,0.803640,-0.595116,0
2,16.774502,11.451704,0.695613,-0.718417,0
3,14.655465,8.438025,0.996350,-0.085364,0
4,17.672464,11.752712,0.894414,-0.447240,0
5,24.569221,24.419645,-0.914712,0.404106,0
6,18.043678,31.160463,-0.747062,0.664755,0
7,45.821308,9.178863,-0.680747,-0.732519,0
8,28.174971,22.000376,0.924774,0.380517,0
9,21.546503,26.670673,0.154422,0.988005,0
10,49.921127,0.668105,0.949283,-0.314423,0
11,35.906643,43.924305,-0.983714,0.179740,0
12,44.660118,42.112465,-0.967243,0.253853,0
13,37.407600,16.844028,0.147777,-0.989021,0
14,13.424922,18.311245,0.978492,-0.206286,0
15,12.023808,22.099108,-0.368569,-0.929601,0
16,14.197595,29.308929,-0.995306,-0.096781,0
17,14.563424,21.544765,0.729137,-0.684368,0
18,21.920227,29.028360,-0.939104,0.343634,0
19,36.541328,13.813782,0.903251,-0.429112,0
20,44.666153,29.983149,-0.140710,-0.990051,0
21,25.159443,29.849003,-0.871203,-0.490922,0
22,14.241257,22.858698,0.584795,-0.811181,0
23,42.895462,48.108772,-0.947865,0.318673,0
24,25.184677,47.239468,-0.565904,0.824471,0
25,15.800627,7.925933,0.983221,-0.182421,0
26,14.094852,31.545794,-0.990766,-0.135580,0
27,15.263020,29.766357,-0.671313,0.741174,0
28,32.889816,13.192054,0.535514,-0.844526,0
29,35.126225,45.072121,-0.958829,0.283984,0
30,6.616833,19.834335,0.426069,-0.904691,0
31,15.940725,0.649753,-0.473649,0.880714,0
32,51.184307,1.244759,0.835881,-0.548911,1
33,55.020779,11.452512,0.636150,0.771565,1
34,88.985992,50.051186,-0.739634,0.673010,9
35,70.198631,29.390041,0.881881,-0.471471,1
36,94.278305,39.665447,-0.795766,0.605604,1
37,84.746368,39.125282,-0.973791,0.227443,1
38,97.414619,37.096622,-0.871575,0.490262,1
39,81.289703,38.864796,0.854768,0.519010,1
40,65.986618,6.776618,-0.982130,0.188201,1
41,56.849487,48.810043,-0.879274,0.476317,1
42,73.496864,30.398930,-0.982351,0.187049,1
43,83.279228,45.278694,0.878280,0.478146,1
44,56.325340,45.306648,0.044694,0.999001,1
45,60.929405,31.173756,0.885062,0.465474,1
46,70.594398,37.247654,-0.103393,0.994641,1
47,90.115013,49.790936,-0.766429,0.642329,1
48,76.959770,19.663260,0.986674,-0.162709,1
49,72.991348,40.004967,0.771876,-0.635773,1
50,55.675457,11.755708,-0.649696,-0.760194,1
51,82.683723,40.403667,0.659276,0.751901,1
52,72.420578,19.817867,1.000000,-0.000415,1
53,57.728142,45.280640,-0.976625,-0.214950,1
54,62.860180,32.512497,0.415868,0.909425,1
55,69.252113,8.161237,0.113852,-0.993498,1
56,61.690632,43.878193,-0.877825,0.478981,1
57,67.541435,7.790852,-0.444814,-0.895623,1
58,68.940468,25.350458,-0.985112,0.171915,1
59,98.998108,22.680000,0.583285,-0.812267,1
60,68.016861,28.089151,0.066796,0.997767,1
61,75.305908,37.087193,0.103050,0.994676,1
62,65.559471,9.942927,-0.699969,0.714174,1
63,71.616104,5.163026,0.789845,0.613307,1
64,75.239670,31.079203,-0.894671,0.446726,1
65,59.671539,47.636169,-0.841736,-0.539890,1
66,54.013306,11.202125,-0.907748,-0.419516,1
67,58.474094,42.400578,0.877668,-0.479270,1
68,72.524841,26.809155,0.715176,0.698945,1
69,93.378235,41.106937,-0.940899,0.338688,1
70,59.126301,13.823513,-0.290614,0.956840,1
71,55.430889,44.640347,-0.651148,-0.758951,1
72,97.541687,42.723248,-0.486498,0.873682,1
73,93.961441,37.435326,-0.998302,-0.058250,1
74,118.170914,23.205921,0.960748,0.277423,2
75,116.350670,4.991650,-0.890306,0.455362,2
76,109.860550,14.380833,0.839377,-0.543550,2
77,127.835304,8.965337,0.435385,0.900244,2
78,132.021072,49.618584,-0.685020,0.728524,2
79,114.131981,1.797029,-0.987280,0.158991,2
80,125.752701,24.899687,0.692263,0.721646,2
81,140.157730,45.512218,0.159692,0.987167,2
82,115.847893,4.884861,-0.683263,-0.730172,2
83,114.507202,3.573154,0.995730,0.092315,2
84,126.107971,30.818796,0.980790,0.195065,2
85,114.375504,12.092683,-0.999895,-0.014494,2
86,122.131882,37.576538,0.719487,0.694506,2
87,136.476105,48.371033,-0.366491,0.930422,2
88,139.029221,26.872231,0.338399,0.941003,2
89,146.450073,26.458956,0.844995,0.534775,2
90,144.022690,32.043499,0.826095,0.563531,2
91,114.604958,0.477290,0.869374,-0.494154,2
92,121.302269,46.651222,-0.265971,0.963981,2
93,121.100845,36.667938,0.219002,0.975724,2
94,129.149597,26.103588,0.948925,0.315500,2
95,125.216606,44.715790,-0.996941,0.078162,2
96,142.724808,23.731226,0.541757,0.840535,2
97,136.120789,28.832104,0.172715,0.984972,2
98,137.147781,44.641136,-0.389511,0.921022,2
99,103.338501,28.133232,-0.304052,-0.952656,2
100,110.758446,37.106251,0.729778,0.683685,2
101,112.580696,4.714848,0.653387,-0.757024,2
102,132.651779,31.212543,0.354143,0.935191,2
103,130.309616,6.549325,0.324878,0.945756,2
104,110.985977,1.832315,-0.770006,0.638036,2
105,142.436020,46.313625,0.190476,-0.981692,2
106,149.056503,5.280060,-0.989244,0.146278,2
107,127.138199,0.625874,0.564408,0.825496,2
108,151.213821,33.617081,0.945014,-0.327030,3
109,155.029037,29.497173,0.999940,-0.010925,3
110,156.713638,5.474140,0.590245,0.807225,3
111,157.375275,45.139881,-0.718907,-0.695107,3
112,159.453171,44.714684,-0.903633,-0.428308,3
113,170.154953,16.052418,-0.712611,0.701559,3
114,174.423157,23.743261,-0.086285,-0.996270,3
115,197.527084,3.265176,0.995323,-0.096599,3
116,179.325165,10.390137,0.338840,0.940844,3
117,166.836029,36.617943,-0.995775,0.091825,3
118,172.885406,36.709488,-0.999227,0.039315,3
119,191.014893,25.111280,0.926250,0.376909,3
120,187.252258,24.919371,0.950143,0.311814,3
121,171.600296,16.145094,-0.696329,0.717722,3
122,189.523849,11.497078,0.630380,-0.776287,3
123,192.324631,27.799980,-0.579713,-0.814820,3
124,195.178268,5.852612,0.413123,-0.910675,3
125,152.931778,6.222742,-0.992739,0.120291,3
126,159.911972,15.086185,-0.960446,0.278465,3
127,162.826828,29.910336,0.715679,0.698429,3
128,170.361893,25.196619,-0.652610,-0.757694,3
129,176.129852,39.519756,-0.999399,0.034657,3
130,158.222733,8.226822,-0.998764,-0.049709,3
131,171.533875,34.625668,-0.368383,-0.929674,3
132,161.479431,19.021637,-0.903629,0.428317,3
133,184.448914,36.440380,-0.913469,0.406908,3
134,170.713440,42.929924,0.747830,0.663890,3
135,181.862289,50.023384,-0.667536,0.744578,11
136,168.797379,0.192247,-0.682025,-0.731329,3
137,191.669662,24.088661,-0.024671,-0.999696,3
138,165.395203,32.858124,-0.608781,0.793339,3
139,171.158279,18.762190,0.667952,-0.744204,3
140,197.255020,44.266033,-0.881779,-0.471664,3
141,196.225464,2.712691,0.604728,0.796432,3
142,179.426315,48.210094,-0.939199,-0.343374,3
143,201.219269,11.868585,0.216881,0.976198,4
144,205.880020,40.013096,-0.656177,-0.754607,4
145,234.110016,7.337896,-0.716384,0.697706,4
146,234.879913,16.361509,0.975493,0.220031,4
147,230.195694,38.843910,0.501532,0.865139,4
148,222.887085,9.125267,0.980443,0.196802,4
149,210.433899,36.182117,-0.618153,-0.786058,4
150,243.830063,21.447216,0.999568,0.029394,4
151,215.099747,18.974874,0.311429,0.950270,4
152,241.337250,5.921625,0.053644,-0.998560,4
153,207.695221,6.851772,0.043583,0.999050,4
154,217.783661,15.466938,0.884454,-0.466627,4
155,218.895111,26.216215,-0.069861,0.997557,4
156,234.764389,1.077236,-0.930106,-0.367292,4
157,228.034149,5.813391,0.999788,-0.020588,4
158,217.995087,15.011010,0.492817,-0.870133,4
159,239.644943,16.681017,0.967149,-0.254211,4
160,206.516006,39.054714,-0.835370,-0.549688,4
161,230.744583,48.687981,0.894931,-0.446204,4
162,231.548294,43.927029,0.998927,0.046318,4
163,233.418747,15.960401,0.560342,0.828261,4
164,231.658371,13.702418,0.621086,0.783742,4
165,244.023849,36.880634,-0.816918,0.576754,4
166,239.228973,9.046079,-0.617821,0.786318,4
167,233.118332,38.281322,0.739746,0.672886,4
168,208.507721,37.139042,-0.844592,-0.535411,4
169,215.911362,23.868666,-0.824808,0.565413,4
170,211.308197,6.688083,0.528662,0.848832,4
171,218.711044,35.192135,-0.821694,-0.569930,4
172,239.942642,34.854301,0.633786,0.773508,4
173,214.662445,22.300035,-0.215680,0.976464,4
174,243.906525,2.257869,-0.412946,-0.910756,4
175,246.734192,42.541733,0.463661,-0.886013,4
176,228.233688,3.083991,-0.536963,0.843606,4
177,285.540100,18.037945,0.981020,0.193906,5
178,264.429626,36.374783,-0.526629,0.850095,5
179,263.867889,37.815075,-0.905880,0.423535,5
180,277.874756,15.368355,0.835943,0.548816,5
181,277.768158,21.045847,0.948307,0.317355,5
182,290.757080,29.554857,0.732570,0.680692,5
183,285.667725,7.693016,0.155641,0.987814,5
184,267.051971,34.496414,-0.940056,0.341020,5
185,274.342407,17.797100,0.933702,0.358052,5
186,280.717926,17.829166,0.960725,0.277503,5
187,279.744476,35.934231,0.622576,-0.782559,5
188,275.117249,21.752916,0.936493,0.350687,5
189,256.981567,42.250347,-0.737896,0.674914,5
190,287.581573,10.605110,0.412878,0.910786,5
191,265.223206,6.335269,0.967383,0.253319,5
192,257.377808,31.679268,0.148584,0.988900,5
193,292.323517,38.160358,-0.277519,-0.960720,5
194,288.997162,34.646446,-0.032737,-0.999464,5
195,257.923187,11.634081,-0.938328,0.345747,5
196,276.610748,24.363848,0.981266,0.192658,5
197,283.087830,37.536396,-0.330618,-0.943765,5
198,289.080566,4.818278,-0.943181,-0.332281,5
199,277.977753,10.218738,0.951817,-0.306666,5
200,256.615692,42.424526,-0.814045,-0.580802,5
201,256.314972,47.603996,-0.902656,-0.430364,5
202,252.535629,48.492359,-0.422847,-0.906201,5
203,272.026672,47.368286,0.093774,-0.995594,5
204,283.941681,1.588293,0.123492,0.992346,5
205,282.690582,0.834461,0.211869,0.977298,5
206,301.306915,26.501263,0.989361,-0.145485,6
207,302.771057,35.167725,0.871316,0.490723,6
208,301.055298,14.780409,0.804017,-0.594606,6
209,307.942932,4.615941,0.998568,-0.053493,6
210,307.990082,37.134701,0.933512,0.358547,6
211,309.392609,28.644672,0.242275,0.970208,6
212,332.142303,30.796425,0.601445,-0.798914,6
213,305.221802,19.206432,-0.670127,0.742246,6
214,345.399933,26.720793,-0.996317,0.085749,6
215,322.839294,27.443733,-0.972717,-0.231993,6
216,332.645660,24.693317,-0.012895,0.999917,6
217,331.600189,7.445296,-0.294745,0.955576,6
218,306.572113,26.788059,-0.079306,0.996850,6
219,330.171906,9.575004,0.361124,0.932518,6
220,342.021454,23.832460,-0.976673,0.214732,6
221,304.971222,1.013824,0.977593,-0.210506,6
222,322.061646,18.772449,0.940111,0.340869,6
223,348.958344,41.058731,0.984371,0.176109,6
224,343.464203,9.106670,0.877446,-0.479675,6
225,327.461914,34.439587,0.738725,-0.674007,6
226,319.346680,38.064964,0.933599,0.358321,6
227,321.078735,25.257851,0.999877,-0.015706,6
228,302.676422,33.897034,-0.562903,0.826523,6
229,306.379272,23.550041,-0.636694,0.771116,6
230,303.895996,15.786160,0.995720,0.092419,6
231,312.392151,47.880108,0.714397,0.699741,6
232,326.362701,33.561928,0.682270,-0.731101,6
233,343.223236,33.204880,0.761475,-0.648194,6
234,337.034210,2.928813,-0.074953,0.997187,6
235,327.256500,29.492729,-0.066869,-0.997762,6
236,301.022034,20.967220,0.275194,0.961389,6
237,330.658081,31.312696,0.134489,-0.990915,6
238,329.958984,33.585400,0.162840,-0.986653,6
239,331.190094,7.747254,-0.135111,0.990830,6
240,317.877045,44.001083,-0.120719,-0.992687,6
241,331.294922,6.093756,0.157747,0.987480,6
242,362.883850,9.377024,-0.999654,-0.026318,7
243,351.709625,44.146469,0.211857,-0.977301,7
244,365.559906,21.200081,-0.957410,-0.288733,7
245,351.594696,16.978476,-0.034856,0.999392,7
246,379.449097,25.170479,0.912757,-0.408504,7
247,358.579956,35.478855,0.172763,0.984963,7
248,386.499481,31.830168,0.566926,-0.823769,7
249,393.683685,31.004314,-0.981770,0.190071,7
250,358.523163,35.241913,-0.785054,-0.619427,7
251,371.103546,34.621876,0.883419,-0.468584,7
252,373.057068,29.476311,0.898672,-0.438622,7
253,367.794189,7.304394,-0.999993,-0.003729,7
254,378.244965,21.767017,-0.901936,-0.431869,7
255,389.141052,34.867348,0.333015,-0.942922,7
256,386.138611,22.785534,-0.648854,0.760913,7
257,397.671234,6.723968,0.993323,0.115370,7
258,374.874390,23.006861,0.930686,-0.365820,7
259,387.887878,19.743237,-0.460321,0.887753,7
260,386.767456,35.540890,0.311927,-0.950106,7
261,379.900330,39.375969,0.973555,0.228455,7
262,360.708649,10.760872,-0.998829,-0.048385,7
263,356.320465,31.151197,-0.018511,-0.999829,7
264,380.606445,0.652807,0.695781,-0.718254,7
265,378.648865,35.507076,0.854860,0.518858,7
266,363.685913,40.275497,0.427871,-0.903840,7
267,360.408081,20.114904,0.437595,0.899172,7
268,379.712708,18.976574,-0.709712,-0.704492,7
269,353.576080,20.113016,-0.506429,0.862281,7
270,383.652527,21.399851,-0.895585,0.444891,7
271,372.299072,48.631866,-0.999913,-0.013218,7
272,379.017120,39.386700,0.824642,0.565655,7
273,363.472198,28.789562,0.609449,0.792825,7
274,380.940155,37.282906,0.575300,0.817943,7
275,392.479034,36.119652,-0.545292,-0.838246,7
276,367.683929,2.315173,-0.960011,-0.279963,7
277,352.287750,14.912650,0.056145,0.998423,7
278,391.671356,28.113503,-0.903539,0.428507,7
279,373.781799,23.680494,0.518704,0.854954,7
280,370.970459,24.315790,-0.329887,0.944020,7
281,395.054169,48.544651,0.241412,-0.970423,7
282,397.438019,1.190736,-0.045623,0.998959,7
283,394.553833,0.650140,0.019713,0.999806,7
284,388.005981,49.924656,-0.299947,-0.953956,7
285,15.831643,50.635975,0.943225,0.332153,8
286,35.495136,52.920414,0.825446,0.564481,8
287,42.804272,51.502602,-0.988194,0.153210,8
288,36.412941,83.496437,0.923417,-0.383798,8
289,38.399193,87.952843,-0.005813,-0.999983,8
290,24.767178,74.047348,-0.915338,-0.402688,8
291,20.959194,97.522751,0.621651,0.783294,8
292,21.974924,95.483063,0.607020,0.794687,8
293,18.848291,59.047874,0.524778,-0.851239,8
294,9.461669,86.051521,0.999597,-0.028375,8
295,6.877463,60.288185,-0.504543,0.863387,8
296,41.904137,73.776230,0.930693,-0.365802,8
297,48.745728,53.796928,0.304596,-0.952482,8
298,14.011148,82.733383,-0.997241,0.074236,8
299,8.993944,62.073196,-0.579876,0.814704,8
300,24.804903,80.394646,-0.939292,-0.343119,8
301,41.319096,97.694901,0.996794,-0.080008,8
302,23.935295,78.613922,-0.855473,-0.517848,8
303,13.057512,58.776489,-0.575514,0.817792,8
304,47.162922,70.883911,0.195531,-0.980698,8
305,40.849926,88.574715,-0.052993,-0.998595,8
306,1.437752,53.047810,-0.389912,-0.920852,8
307,36.802502,92.308228,-0.152578,-0.988292,8
308,43.406055,87.372871,-0.900670,-0.434503,8
309,44.807068,60.766632,-0.987679,0.156495,8
310,47.941467,55.744427,-0.986963,-0.160950,8
311,47.105518,56.599503,-0.890794,0.454408,8
312,47.194813,60.401455,-0.945544,-0.325493,8
313,91.223579,50.099705,-0.846621,0.532196,9
314,53.956085,96.115158,0.759010,-0.651079,9
315,52.893883,88.039261,0.336040,-0.941848,9
316,58.107193,62.559002,0.841872,-0.539678,9
317,84.430107,62.953316,0.129978,-0.991517,9
318,89.969955,99.060608,0.031999,0.999488,9
319,83.176224,87.891510,0.696162,-0.717885,9
320,63.147369,67.953629,-0.635817,-0.771840,9
321,72.180222,68.843201,0.091219,-0.995831,9
322,53.674374,81.837181,-0.876818,0.480823,9
323,81.008728,70.876122,0.674160,-0.738585,9
324,78.107994,59.400005,0.968901,0.247449,9
325,55.645981,80.319702,-0.970507,-0.241072,9
326,57.565792,60.035904,0.470024,-0.882654,9
327,69.189697,64.305794,-0.141647,-0.989917,9
328,79.253082,74.313324,0.219693,-0.975569,9
329,60.441952,73.488556,-0.964865,0.262745,9
330,86.424774,59.682442,0.175657,-0.984451,9
331,87.595589,99.211388,-0.228289,0.973593,9
332,67.035591,86.626015,-0.977865,0.209238,9
333,51.196476,56.736446,-0.979994,-0.199029,9
334,87.820488,95.299744,0.069939,0.997551,9
335,62.689941,64.098152,-0.530410,-0.847741,9
336,66.499023,88.994492,-0.519082,-0.854725,9
337,84.601379,97.971344,-0.205992,-0.978554,9
338,50.656719,98.865242,-0.112374,-0.993666,9
339,102.011871,70.146996,0.521723,-0.853115,10
340,111.902565,53.141712,0.606723,0.794913,10
341,105.775421,81.932335,0.962380,-0.271707,10
342,112.857384,57.001514,0.295956,0.955202,10
343,104.223114,58.943726,-0.529113,0.848551,10
344,135.090179,56.220852,0.351438,-0.936211,10
345,113.243340,90.178078,0.726438,-0.687232,10
346,138.418274,70.522949,-0.957851,-0.287264,10
347,129.437805,86.430504,0.810399,-0.585879,10
348,103.010437,65.642159,0.217364,0.976091,10
349,124.704689,57.898739,0.999480,-0.032247,10
350,111.180435,99.883263,0.998968,0.045430,10
351,110.940285,88.253937,0.716971,-0.697103,10
352,114.102280,85.095741,-0.140794,-0.990039,10
353,128.719925,79.819427,-0.740924,-0.671589,10
354,116.800972,75.841057,-0.985991,-0.166800,10
355,126.728966,75.982201,-0.209478,0.977813,10
356,131.688675,84.350876,0.637914,-0.770108,10
357,111.977325,54.593880,0.341385,0.939924,10
358,134.474274,81.393784,-0.873584,-0.486673,10
359,110.792465,75.106880,-0.894177,-0.447714,10
360,132.205933,81.838303,-0.996383,0.084982,10
361,127.567650,86.180229,-0.361705,0.932293,10
362,119.445587,76.321571,-0.975149,0.221550,10
363,102.348549,53.089321,-0.964512,0.264039,10
364,112.792519,61.121143,-0.627820,-0.778358,10
365,130.574097,76.391663,-0.648953,-0.760828,10
366,128.590393,81.364632,-0.784796,-0.619754,10
367,112.895653,72.035339,-0.802319,0.596896,10
368,110.598900,71.235786,0.007879,0.999969,10
369,113.423653,76.246582,-0.998748,0.050027,10
370,126.745674,74.657616,-0.752067,-0.659087,10
371,127.901985,57.827755,0.994981,-0.100062,10
372,142.761063,97.552696,-0.936803,0.349857,10
373,146.492218,97.444458,-0.672396,-0.740192,10
374,181.232864,53.843254,-0.678509,0.734592,11
375,151.141983,72.867897,0.303792,0.952738,11
376,160.545090,51.079956,0.999673,0.025583,11
377,160.535736,83.262978,0.995935,0.090069,11
378,177.503998,70.064911,0.568985,-0.822348,11
379,192.703049,79.738266,0.995722,-0.092394,11
380,179.326340,72.990776,-0.935207,-0.354101,11
381,176.950119,83.397186,0.238968,0.971027,11
382,152.549240,63.477280,0.114484,-0.993425,11
383,183.897369,62.639492,0.992943,0.118596,11
384,175.682892,88.156586,0.915772,0.401698,11
385,175.312592,86.338745,0.884316,-0.466889,11
386,169.393433,57.206402,-0.230628,-0.973042,11
387,173.666367,73.089844,0.746192,-0.665731,11
388,173.219040,84.973747,0.830002,0.557760,11
389,174.357407,57.398167,-0.350420,-0.936593,11
390,170.394791,58.998253,0.523900,-0.851780,11
391,153.699661,64.359924,0.066434,-0.997791,11
392,179.061935,88.330963,0.535944,0.844253,11
393,181.485214,66.196190,-0.506878,-0.862018,11
394,172.800888,85.971870,-0.564118,-0.825695,11
395,162.859406,80.380135,0.940533,-0.339702,11
396,192.657822,94.372322,0.935863,0.352364,11
397,156.790390,51.635326,0.905536,-0.424270,11
398,183.921356,80.425636,0.678892,-0.734238,11
399,173.528885,69.445602,-0.982554,0.185975,11
400,175.723267,70.010284,-0.890083,-0.455800,11
401,193.331711,63.140495,0.173753,0.984789,11
402,171.383194,57.944920,-0.458452,-0.888719,11
403,158.423752,82.171272,0.542161,-0.840275,11
404,191.306625,90.788597,0.805874,-0.592087,11
405,150.541412,98.963646,-0.567130,-0.823628,11
406,240.716278,52.408203,0.358947,0.933358,12
407,244.511383,52.527374,-0.165090,0.986279,12
408,215.280121,86.846283,0.903820,0.427914,12
409,218.782593,82.437065,-0.857995,-0.513658,12
410,243.055191,50.530586,0.908678,-0.417497,12
411,209.100616,79.084747,0.533693,0.845678,12
412,226.931671,89.158096,-0.984795,-0.173720,12
413,214.982666,68.372444,0.792490,0.609885,12
414,207.932419,80.536087,0.568268,0.822844,12
415,245.208572,90.281982,0.999597,0.028386,12
416,209.296814,61.617325,0.071596,0.997434,12
417,241.109024,78.830017,-0.614339,-0.789042,12
418,234.178452,98.785522,-0.294696,0.955591,12
419,232.218170,83.244019,0.355205,0.934789,12
420,245.071091,53.656128,0.081599,-0.996665,12
421,219.591583,92.794853,0.937240,0.348685,12
422,230.592026,96.522110,-0.327265,0.944933,12
423,239.783646,74.811409,-0.666583,-0.745431,12
424,222.687958,95.744865,-0.917387,-0.397995,12
425,222.282501,90.968338,0.916228,0.400658,12
426,222.790527,80.498077,-0.871114,-0.491080,12
427,221.099716,91.453346,0.946697,0.322127,12
428,249.017151,55.724266,-0.197764,-0.980250,12
429,245.773315,67.072350,0.627355,-0.778733,12
430,238.686249,70.081184,0.437542,0.899198,12
431,248.606918,68.110756,0.588796,-0.808282,12
432,225.580841,60.285446,-0.374820,0.927098,12
433,217.938965,70.371445,-0.694327,-0.719660,12
434,249.324814,57.941360,-0.936338,-0.351101,12
435,249.966202,96.843872,-0.311953,-0.950098,12
436,249.945770,97.471199,-0.675208,-0.737627,12
437,250.180161,82.000725,0.395779,-0.918346,13
438,292.648438,52.380009,-0.049478,0.998775,13
439,295.802124,55.058239,-0.270160,0.962816,13
440,291.606873,53.200481,0.846245,0.532793,13
441,255.517883,72.398979,0.978913,0.204279,13
442,258.311279,54.309402,-0.829032,0.559200,13
443,272.758667,80.751930,0.844229,-0.535983,13
444,277.048309,57.686543,-0.965960,-0.258691,13
445,254.200226,68.470322,0.934157,0.356862,13
446,296.944702,67.736664,0.983069,-0.183234,13
447,274.494354,55.762886,-0.967166,-0.254146,13
448,258.693146,79.937401,0.786004,0.618221,13
449,264.161957,64.033508,0.977757,0.209743,13
450,275.021515,74.051437,0.756591,-0.653888,13
451,255.415878,58.985950,0.344475,-0.938796,13
452,264.220978,84.515938,0.673108,0.739544,13
453,275.137909,70.547310,0.997073,0.076455,13
454,283.645691,97.436905,0.999413,0.034243,13
455,266.737061,92.671074,-0.382926,-0.923779,13
456,273.172119,86.805054,-0.760786,-0.649003,13
457,279.827423,85.530716,-0.490950,-0.871187,13
458,279.775421,64.897964,-0.120939,-0.992660,13
459,263.692383,76.517754,-0.786489,0.617604,13
460,263.942078,85.896843,0.459579,0.888137,13
461,267.585754,84.677017,-0.980603,-0.196003,13
462,253.023163,96.597008,-0.776604,-0.629990,13
463,256.999756,83.122002,-0.407813,0.913065,13
464,273.288361,87.249466,0.721298,-0.692625,13
465,268.301727,90.776115,0.386444,-0.922313,13
466,258.795807,85.144264,0.842814,0.538206,13
467,254.717621,83.780067,0.449144,-0.893460,13
468,284.566833,75.016075,-0.678965,-0.734170,13
469,251.039337,98.475662,-0.830632,-0.556822,13
470,269.572998,98.261070,0.071260,-0.997458,13
471,266.099579,97.128326,0.385175,-0.922844,13
472,253.825089,99.354874,-0.470471,-0.882416,13
473,302.134216,81.856194,0.993975,-0.109608,14
474,303.172852,78.234497,0.835788,-0.549052,14
475,349.987946,52.611389,0.926356,0.376650,14
476,312.603790,52.935398,0.146472,0.989215,14
477,317.758209,67.442528,-0.952851,0.303438,14
478,312.883789,64.204262,-0.292107,-0.956386,14
479,342.444946,74.346977,-0.338931,0.940811,14
480,321.842529,63.610531,-0.989713,-0.143066,14
481,311.995972,65.484772,-0.566895,-0.823790,14
482,319.131256,91.779724,0.503314,0.864104,14
483,304.742584,57.528137,-0.871164,0.490992,14
484,302.322601,83.626701,0.975845,-0.218466,14
485,336.805878,58.098522,0.258974,0.965884,14
486,329.139130,53.998642,0.996145,-0.087724,14
487,334.842499,79.628365,-0.504845,-0.863210,14
488,332.102020,59.311050,-0.351480,0.936195,14
489,333.573334,78.738937,-0.424074,-0.905628,14
490,345.719177,79.837875,0.594909,0.803793,14
491,332.471863,64.783455,0.549118,-0.835745,14
492,315.090973,96.437065,-0.855043,0.518556,14
493,344.688812,60.912479,0.741713,0.670718,14
494,319.002716,90.704491,-0.995990,-0.089469,14
495,328.235748,70.889580,-0.044520,-0.999008,14
496,313.182007,55.986328,0.546530,0.837439,14
497,316.982483,86.908852,-0.158473,0.987363,14
498,311.752319,54.617371,0.414272,0.910153,14
499,315.703949,96.692924,-0.629430,-0.777057,14
500,344.978851,93.919502,-0.278453,-0.960450,14
501,316.233459,99.036224,-0.690344,-0.723481,14
502,350.535065,82.471863,0.898721,0.438520,15
503,351.416473,74.413452,0.494644,-0.869096,15
504,398.138763,51.950985,-0.999877,0.015704,15
505,395.508209,52.738674,-0.908291,-0.418339,15
506,359.942169,53.806843,-0.906194,0.422862,15
507,353.953552,69.309525,0.450061,0.892998,15
508,352.893158,72.229210,-0.991872,-0.127242,15
509,371.360382,57.423443,-0.997110,0.075972,15
510,352.520691,69.958786,-0.405887,0.913923,15
511,357.806885,60.055725,-0.980085,0.198577,15
512,361.856537,68.877167,-0.108478,0.994099,15
513,393.825012,94.207130,0.184904,0.982756,15
514,374.232513,91.955948,1.000000,0.000482,15
515,353.921234,57.238346,-0.973216,0.229893,15
516,384.361267,88.818497,-0.893064,0.449929,15
517,381.213745,93.549034,-0.969784,-0.243964,15
518,352.995483,51.450218,-0.612966,-0.790109,15
519,369.282104,69.634407,-0.688258,0.725466,15
520,370.187317,61.333855,0.003052,0.999995,15
521,382.156128,65.387077,0.979701,0.200464,15
522,379.081909,87.897087,-0.987774,0.155890,15
523,394.424164,75.667969,0.211571,0.977363,15
524,371.719635,89.004028,0.975129,0.221636,15
525,383.121857,88.127373,-0.909658,0.415358,15
526,358.699371,58.369648,-0.956327,-0.292298,15
527,377.866638,93.893402,-0.957146,0.289605,15
528,351.673920,56.944069,-0.919585,-0.392890,15
529,384.467407,81.150574,0.039944,0.999202,15
530,372.269836,61.432442,-0.518442,0.855113,15
531,388.346710,81.155533,-0.573482,0.819219,15
532,393.272491,99.339981,0.034588,-0.999402,15
533,392.374542,99.535774,0.273861,-0.961769,15
534,40.817261,100.299286,0.985593,0.169133,16
535,31.547323,104.392128,0.411486,-0.911416,16
536,3.919363,127.697083,-0.301494,-0.953468,16
537,22.559807,138.514832,-0.886047,-0.463596,16
538,29.123938,123.134987,0.924299,-0.381668,16
539,19.967213,127.035507,0.804956,0.593335,16
540,17.288954,134.550293,0.189944,0.981795,16
541,25.889536,100.572472,0.835932,-0.548833,16
542,12.859967,143.201111,0.221250,-0.975217,16
543,35.962482,121.591843,0.952841,-0.303471,16
544,5.529510,143.236877,-0.429646,-0.902997,16
545,27.039919,137.234619,0.137702,0.990474,16
546,32.526733,106.149323,0.813223,0.581952,16
547,28.989439,107.926369,0.670106,0.742265,16
548,37.126163,118.842018,0.972424,-0.233221,16
549,11.848382,142.209183,-0.791407,-0.611290,16
550,1.980965,102.938217,-0.974073,-0.226233,16
551,36.419971,119.749306,0.696725,-0.717338,16
552,30.849575,135.014648,0.447207,0.894430,16
553,35.664040,121.316422,-0.799089,-0.601213,16
554,44.622341,135.968796,0.304443,0.952531,16
555,24.158062,110.615944,0.107509,-0.994204,16
556,36.600960,147.330032,-0.999715,0.023889,16
557,36.395248,144.670212,-0.999241,0.038967,16
558,25.057650,123.443008,0.866484,-0.499204,16
559,6.567177,120.275482,0.562744,0.826631,16
560,46.301819,141.248672,-0.547430,-0.836852,16
561,42.897366,143.322037,-0.746066,-0.665872,16
562,45.630932,135.966309,-0.999925,0.012288,16
563,26.993769,148.378937,0.830362,-0.557224,16
564,49.620140,137.890411,-0.825761,-0.564021,16
565,52.596214,130.697815,0.933497,0.358584,17
566,55.776833,130.879333,0.910182,0.414209,17
567,55.876633,137.773346,0.905867,-0.423562,17
568,70.722191,128.872101,-0.994102,0.108448,17
569,55.740726,109.474617,-0.981075,-0.193629,17
570,64.792450,146.692062,-0.981136,0.193319,17
571,54.434082,128.934875,0.832912,-0.553405,17
572,71.089195,140.360916,0.755337,0.655337,17
573,54.200848,106.615852,-0.961036,0.276422,17
574,82.612442,104.267982,-0.408519,0.912750,17
575,80.421356,133.752029,0.264181,-0.964473,17
576,74.386192,146.602158,-0.911419,0.411480,17
577,84.058510,141.481522,-0.999899,-0.014211,17
578,64.664719,104.870178,0.458690,-0.888596,17
579,72.194328,145.065613,0.241155,0.970487,17
580,70.908722,145.135666,-0.920023,0.391863,17
581,77.687683,120.677078,-0.756716,-0.653744,17
582,55.824890,114.913101,-0.956700,0.291076,17
583,88.583527,143.779114,-0.673070,0.739579,17
584,90.632202,141.442368,-0.920223,0.391395,17
585,67.619202,143.630173,-0.188260,0.982119,17
586,77.403435,107.470993,-0.856287,-0.516500,17
587,87.630272,117.359947,-0.661578,-0.749877,17
588,73.807541,126.526344,-0.979165,0.203068,17
589,50.874191,114.976982,-0.698640,0.715474,17
590,89.419548,132.663269,-0.992788,-0.119881,17
591,90.240524,133.100922,-0.971464,-0.237187,17
592,94.242485,111.370392,-0.823281,-0.567635,17
593,61.726814,148.388885,-0.924332,-0.381590,17
594,99.457840,144.811600,-0.964898,0.262624,17
595,108.632744,119.092056,0.927085,-0.374852,18
596,130.171387,142.903198,-0.154960,-0.987921,18
597,126.938156,103.700569,0.980208,-0.197971,18
598,132.756104,130.249405,-0.948295,-0.317389,18
599,122.855232,137.438583,0.962102,0.272690,18
600,114.706146,139.160614,-0.909264,0.416220,18
601,130.766281,131.337112,0.050976,-0.998700,18
602,106.991211,131.910034,-0.844793,0.535093,18
603,137.151489,143.660980,-0.499364,0.866392,18
604,118.511124,116.744469,0.919943,0.392053,18
605,131.451065,106.527901,0.756809,-0.653636,18
606,143.167328,113.028336,-0.537850,-0.843040,18
607,111.541573,141.540878,-0.981712,0.190372,18
608,123.802101,105.319420,0.996338,0.085501,18
609,138.419586,118.979240,-0.802844,-0.596189,18
610,138.309143,149.644043,-0.073561,0.997291,18
611,135.390808,110.411407,-0.720585,-0.693367,18
612,135.212631,139.716660,-0.021824,0.999762,18
613,113.261658,142.685730,-0.928582,-0.371126,18
614,100.766975,116.689011,0.313685,-0.949527,18
615,101.489990,148.462860,-0.908895,-0.417026,18
616,125.876190,108.189552,0.084398,-0.996432,18
617,122.359085,113.788544,0.757454,0.652888,18
618,126.704865,101.568871,0.779906,-0.625897,18
619,119.601753,134.091873,-0.566454,-0.824094,18
620,123.406349,110.128036,0.776242,0.630435,18
621,127.267128,130.467133,0.998849,-0.047959,18
622,139.299591,117.412781,-0.808393,-0.588643,18
623,177.224609,100.161911,0.425084,0.905154,19
624,158.443207,114.004585,-0.399876,0.916569,19
625,197.377899,113.852310,0.081580,0.996667,19
626,193.408646,133.590149,0.815415,-0.578876,19
627,175.166672,145.621323,-0.343480,0.939160,19
628,191.824112,144.289734,-0.932021,0.362404,19
629,168.153809,129.839584,0.731594,-0.681740,19
630,193.615631,108.991341,0.789085,0.614284,19
631,189.280472,131.543015,0.354697,-0.934981,19
632,191.095566,130.505905,0.474701,-0.880147,19
633,196.762238,137.598892,-0.999999,0.001041,19
634,159.684845,131.162277,-0.415159,0.909749,19
635,187.378128,136.058868,-0.659490,-0.751714,19
636,174.919571,139.690262,-0.979954,-0.199224,19
637,159.448547,140.209320,-0.025548,0.999674,19
638,171.858917,124.372070,0.605807,0.795612,19
639,182.287079,128.307480,-0.396513,-0.918029,19
640,199.754395,124.611946,0.266279,0.963896,19
641,154.286087,112.356102,-0.640380,0.768058,19
642,200.049408,149.784714,0.953381,-0.301770,20
643,234.388809,101.426773,-0.298830,0.954306,20
644,204.256149,105.944534,0.785250,0.619179,20
645,208.622635,147.197174,0.865838,0.500324,20
646,215.216492,109.999321,0.520803,0.853677,20
647,243.361893,136.694672,-0.906480,-0.422249,20
648,224.115158,148.330536,0.878806,0.477179,20
649,222.261826,145.222321,0.897781,0.440442,20
650,230.289398,102.839371,-0.942430,0.334405,20
651,200.501923,128.053360,-0.936377,-0.350996,20
652,221.227692,108.363686,-0.988476,-0.151380,20
653,210.013687,119.410721,0.075789,0.997124,20
654,226.590591,113.428291,0.780964,-0.624576,20
655,205.382919,103.306625,0.520237,-0.854022,20
656,222.203323,127.549553,-0.261949,-0.965082,20
657,223.932953,147.531921,0.872687,0.488281,20
658,221.008301,127.680962,0.771780,-0.635889,20
659,231.324265,146.421661,-0.818181,0.574961,20
660,206.636963,121.928078,0.356894,0.934145,20
661,246.160309,119.961075,0.005478,-0.999985,20
662,220.842209,129.831161,-0.480725,-0.876871,20
663,236.526733,106.020058,-0.739732,0.672902,20
664,201.550323,128.741486,-0.988909,-0.148522,20
665,200.900925,149.825195,-0.999760,-0.021891,20
666,243.344330,120.542770,-0.541354,-0.840795,20
667,250.148422,122.705658,0.121344,-0.992611,21
668,251.752945,113.863907,0.947214,-0.320601,21
669,280.047485,101.827995,0.959838,0.280556,21
670,255.538818,136.034607,0.916518,-0.399994,21
671,263.133057,115.773582,0.975247,0.221120,21
672,266.298431,138.546997,-0.731369,0.681982,21
673,263.276367,118.332329,-0.360061,0.932929,21
674,273.501129,102.580498,0.996781,0.080177,21
675,280.123962,113.936371,-0.030662,0.999530,21
676,282.051697,135.493210,0.896610,0.442821,21
677,280.004395,149.035950,0.693309,0.720641,21
678,285.472412,108.201981,-0.470360,0.882474,21
679,257.981110,122.248077,-0.604421,0.796665,21
680,270.323822,115.570709,-0.123223,-0.992379,21
681,256.296417,102.906380,0.091597,-0.995796,21
682,299.319000,143.609909,0.227929,0.973678,21
683,282.117920,134.955399,0.142887,0.989739,21
684,291.545258,137.353470,0.521223,0.853421,21
685,284.636841,124.677948,0.815914,0.578173,21
686,282.023865,111.339531,-0.994063,0.108807,21
687,261.468018,118.950066,0.320391,0.947285,21
688,262.727478,134.847855,0.628574,-0.777750,21
689,257.866974,126.844078,-0.712693,-0.701476,21
690,283.193420,114.236137,-0.449661,0.893199,21
691,281.351440,149.683044,-0.029049,0.999578,21
692,263.899719,145.848007,-0.860810,-0.508927,21
693,293.920837,134.655914,0.380470,0.924793,21
694,257.800232,127.094681,-0.753836,-0.657063,21
695,267.724945,106.501396,-0.887271,0.461249,21
696,299.986115,140.324829,0.027325,0.999627,21
697,274.541412,145.180222,0.319847,-0.947469,21
698,275.502686,146.885468,0.254260,-0.967136,21
699,300.241425,150.064362,0.350601,0.936525,30
700,316.279785,101.136269,-0.873100,0.487541,22
701,317.639435,103.263962,-0.851127,0.524960,22
702,334.835754,123.526192,-0.918369,-0.395725,22
703,335.652985,129.313110,-0.999895,-0.014458,22
704,348.605591,142.987549,0.772061,-0.635548,22
705,335.370605,124.702850,-0.943861,-0.330342,22
706,320.551514,104.028229,-0.947555,0.319593,22
707,313.068146,132.525482,-0.038296,0.999266,22
708,336.369476,141.586792,0.401165,0.916006,22
709,324.134888,107.646843,-0.968068,0.250686,22
710,330.118256,148.878723,0.912951,0.408069,22
711,334.345062,140.388290,-0.891910,-0.452212,22
712,314.720398,134.417618,0.190334,0.981719,22
713,314.215790,124.027107,-0.919071,0.394091,22
714,333.904755,110.903320,-0.758730,-0.651405,22
715,335.595032,143.837952,-1.000000,0.000092,22
716,339.928406,127.656052,-0.835309,0.549781,22
717,344.817108,125.472176,-0.938356,0.345669,22
718,344.497101,143.019348,0.983716,-0.179728,22
719,335.817841,128.515289,-0.917558,-0.397602,22
720,342.977936,131.349243,-0.862157,0.506640,22
721,337.409637,115.820312,-0.941092,-0.338152,22
722,300.628662,123.595337,0.355205,0.934788,22
723,310.302155,149.636780,0.917655,0.397379,22
724,332.983002,115.674904,-0.844951,0.534844,22
725,334.960785,114.131042,-0.755983,-0.654591,22
726,314.293030,142.102341,0.970722,-0.240205,22
727,340.078308,104.841454,-0.943577,-0.331153,22
728,342.632721,108.222397,-0.988623,-0.150415,22
729,343.200958,113.375816,-0.999989,0.004718,22
730,348.662689,134.983704,-0.685478,-0.728094,22
731,349.653900,138.763992,-0.756296,-0.654229,22
732,350.052368,144.656296,0.152150,-0.988357,23
733,394.512787,109.040985,-0.967481,-0.252943,23
734,390.507568,140.944916,-0.765664,0.643241,23
735,369.085236,133.347702,0.999804,0.019810,23
736,371.772156,110.596832,0.001877,-0.999998,23
737,352.393219,120.857437,-0.996009,-0.089248,23
738,382.357178,126.011681,0.999529,0.030676,23
739,367.404999,129.104523,0.989486,-0.144629,23
740,371.031250,128.208160,0.934989,-0.354676,23
741,352.385742,144.939087,-0.501303,-0.865272,23
742,351.610748,133.169418,-0.606486,0.795094,23
743,394.870819,102.974785,0.250592,-0.968093,23
744,395.004639,105.431152,0.516739,-0.856143,23
745,368.944183,102.726151,0.897234,-0.441555,23
746,357.654022,122.466736,-0.675804,0.737082,23
747,365.306915,130.321350,0.995693,-0.092711,23
748,389.055115,118.150688,-0.283142,0.959078,23
749,363.448914,131.682022,-0.998428,0.056058,23
750,356.565796,128.409561,-0.572595,0.819839,23
751,359.901154,148.596756,-0.062447,-0.998048,23
752,371.236206,112.291656,-0.019742,-0.999805,23
753,377.050262,101.143883,-0.638587,-0.769549,23
754,377.151215,136.491257,-0.827443,-0.561550,23
755,380.761322,115.901993,-0.482239,-0.876040,23
756,369.954620,149.990723,-0.688361,0.725368,23
757,361.909271,148.106293,-0.022254,-0.999752,23
758,366.328552,149.092194,-0.059213,-0.998245,23
759,29.100321,158.057068,-0.993876,0.110500,24
760,22.714170,190.253952,0.851025,-0.525125,24
761,20.653833,186.571564,0.817321,-0.576182,24
762,31.556747,164.208984,-0.462668,0.886532,24
763,30.711624,172.901794,0.776996,-0.629506,24
764,30.064699,155.819580,0.996087,-0.088378,24
765,19.223824,185.673721,-0.178040,-0.984023,24
766,33.434612,181.005508,0.974576,-0.224057,24
767,30.299614,171.772583,0.863162,-0.504927,24
768,23.723608,187.939972,-0.088178,-0.996105,24
769,11.844259,189.815903,0.841347,-0.540495,24
770,36.247433,189.257690,0.056513,-0.998402,24
771,1.980991,156.862015,0.391314,0.920257,24
772,36.875233,191.479004,-0.303704,-0.952766,24
773,30.990461,157.758820,0.998056,0.062327,24
774,2.264223,166.190826,-0.168971,-0.985621,24
775,47.481895,190.727890,0.378392,0.925646,24
776,25.670519,190.711914,-0.435704,0.900090,24
777,37.692608,180.907211,-0.669015,-0.743249,24
778,46.164474,193.969040,0.961696,0.274117,24
779,33.896957,170.929932,-0.932967,0.359961,24
780,39.386234,176.824249,-0.722002,0.691891,24
781,27.723108,193.543045,-0.519385,0.854540,24
782,21.579905,196.971161,-0.470557,0.882369,24
783,26.048044,176.168106,0.999717,-0.023775,24
784,3.041293,199.795624,-0.499613,-0.866249,24
785,53.768124,175.397064,0.093858,-0.995586,25
786,66.247948,168.963760,0.241080,0.970505,25
787,63.685600,186.580994,0.948982,0.315329,25
788,99.054146,175.251633,0.999322,-0.036810,25
789,82.003738,164.443924,-0.956402,-0.292055,25
790,79.866936,164.142548,-0.951267,-0.308369,25
791,59.568352,174.067749,0.261788,-0.965125,25
792,65.348404,174.436859,0.059912,0.998204,25
793,82.578636,175.301117,-0.245265,-0.969456,25
794,88.925148,160.637543,-0.676214,0.736705,25
795,85.945686,153.484955,0.587510,-0.809217,25
796,72.672951,188.722351,0.291229,-0.956653,25
797,74.035728,174.344803,-0.749989,0.661450,25
798,73.343147,164.613037,0.555566,0.831472,25
799,89.716911,165.845428,0.706711,-0.707503,25
800,61.874649,152.940125,0.981210,-0.192941,25
801,89.995758,162.346725,-0.772235,-0.635337,25
802,95.109398,189.006012,0.989830,-0.142258,25
803,86.308922,179.402756,0.538613,-0.842553,25
804,64.506218,195.212158,-0.956429,-0.291965,25
805,78.991272,174.968292,-0.277326,-0.960776,25
806,92.456947,165.145935,-0.393025,-0.919528,25
807,84.046814,160.430191,0.952513,0.304498,25
808,75.078003,168.874924,0.427224,0.904146,25
809,83.457626,168.239975,-0.974979,-0.222296,25
810,73.477089,174.147247,-0.936636,0.350304,25
811,74.277344,179.968811,0.683564,0.729890,25
812,55.492054,177.365692,0.171720,-0.985146,25
813,71.737350,188.681686,-0.435078,-0.900393,25
814,97.684166,181.881256,-0.989849,-0.142120,25
815,98.540581,189.878082,-0.942104,0.335321,25
816,140.958282,158.113708,-0.404298,0.914627,26
817,103.740433,158.561905,0.994285,0.106761,26
818,144.111984,169.749603,-0.968640,-0.248470,26
819,129.024200,163.659317,-0.292487,0.956269,26
820,145.358139,158.927216,-0.906003,0.423271,26
821,143.355896,182.590302,-0.626091,-0.779750,26
822,112.733574,197.457062,-0.019527,0.999809,26
823,117.444351,194.073288,-0.418332,0.908294,26
824,104.113289,175.806458,0.422577,0.906327,26
825,114.866631,165.022217,-0.147032,0.989132,26
826,126.095932,161.285950,0.801375,0.598162,26
827,139.845001,196.645065,0.993279,-0.115745,26
828,121.578285,166.093567,0.784674,0.619909,26
829,105.832581,190.081833,0.679040,-0.734101,26
830,134.086716,179.798096,0.020738,-0.999785,26
831,109.690552,159.727753,-0.471756,0.881729,26
832,113.859512,162.828629,-0.319933,0.947440,26
833,141.981110,199.604172,0.798622,0.601833,26
834,128.089279,173.461014,-0.433668,0.901073,26
835,107.099091,161.288376,-0.853500,0.521093,26
836,143.785660,196.324799,-0.144350,0.989527,26
837,133.706085,178.067245,0.246407,-0.969166,26
838,106.254013,162.026260,-0.640452,0.767999,26
839,141.157425,198.967850,0.497573,0.867422,26
840,137.589859,195.160660,-0.075981,0.997109,26
841,102.722931,174.426178,0.005078,0.999987,26
842,125.174347,160.531921,0.998865,-0.047629,26
843,100.128510,184.877518,-0.988671,0.150099,26
844,110.362595,189.459915,0.838347,-0.545137,26
845,127.804634,179.741821,0.947827,-0.318784,26
846,145.480652,166.047745,0.853943,0.520367,26
847,105.603180,163.147537,-0.928178,-0.372136,26
848,149.195648,165.025253,-0.411429,-0.911442,26
849,145.811737,160.338440,-0.981320,0.192382,26
850,146.568436,166.525940,-0.629366,-0.777109,26
851,111.347534,197.138931,0.919747,-0.392513,26
852,139.142975,195.149460,0.318663,-0.947868,26
853,146.994766,185.190292,-0.870884,-0.491489,26
854,155.125427,151.371506,-0.602798,0.797894,27
855,154.464813,179.960495,0.996676,0.081465,27
856,155.873474,165.674103,0.999861,-0.016699,27
857,158.472595,154.053421,0.935601,-0.353059,27
858,192.583633,161.947159,0.306418,0.951897,27
859,157.410309,179.162170,0.548203,0.836345,27
860,188.263672,185.547546,-0.914247,-0.405158,27
861,190.889038,197.626190,0.390853,0.920453,27
862,170.871048,198.771088,-0.087047,0.996204,27
863,150.400421,163.797897,-0.309024,-0.951054,27
864,191.979385,165.624191,0.832100,-0.554626,27
865,170.295746,178.025116,-0.950732,0.310013,27
866,172.673691,152.876312,0.542242,0.840222,27
867,172.866577,162.874207,0.782220,-0.623003,27
868,188.882156,182.106049,-0.972647,-0.232287,27
869,185.274750,161.415558,0.563967,-0.825797,27
870,170.000824,196.551453,-0.172914,0.984937,27
871,153.100464,151.942108,-0.964645,-0.263552,27
872,171.691437,173.685883,0.833691,0.552231,27
873,168.954590,161.268738,0.702920,-0.711269,27
874,192.069992,178.356445,-0.113840,0.993499,27
875,186.188980,185.935562,-0.982159,-0.188051,27
876,184.295181,199.851776,0.307060,0.951690,27
877,161.133621,180.387741,0.314823,0.949151,27
878,167.468414,187.165787,0.874744,0.484585,27
879,190.573532,162.739441,0.550090,0.835105,27
880,187.815598,190.032669,-0.413994,0.910280,27
881,153.465057,172.887131,-0.774625,0.632420,27
882,191.626648,197.932159,0.214538,0.976716,27
883,199.259155,190.288254,-0.993986,0.109506,27
884,225.558105,150.689545,0.789187,0.614153,28
885,233.592911,161.007065,-0.356486,0.934301,28
886,226.381470,169.191666,0.945666,-0.325138,28
887,203.337326,163.669556,-0.980986,0.194078,28
888,249.236771,197.996384,0.954512,0.298174,28
889,231.088516,180.736221,0.460589,0.887613,28
890,203.053497,166.691162,0.634009,-0.773326,28
891,238.688019,173.124161,-0.370241,0.928936,28
892,222.712448,157.099197,-0.004576,-0.999990,28
893,205.864532,185.693085,0.964864,0.262751,28
894,216.633301,150.917938,-0.900379,-0.435106,28
895,222.103729,155.549072,0.997754,-0.066981,28
896,217.546936,153.709198,0.002565,-0.999997,28
897,212.536728,165.074982,-0.433754,-0.901031,28
898,203.363724,160.109528,-0.790848,0.612012,28
899,211.038803,160.664215,-0.997348,-0.072779,28
900,221.584595,160.869339,0.019047,-0.999819,28
901,210.763092,164.766418,0.639621,-0.768690,28
902,214.051224,169.189423,0.180196,-0.983631,28
903,222.281311,188.671844,0.877622,0.479353,28
904,231.904648,161.526443,-0.824636,0.565664,28
905,206.463120,166.872086,0.548166,-0.836370,28
906,222.957108,190.802139,0.938725,0.344666,28
907,249.460007,176.705551,0.569943,0.821684,28
908,220.228210,155.454498,0.951261,-0.308386,28
909,231.319748,165.218323,-0.996414,0.084611,28
910,200.281219,191.151306,-0.885001,0.465589,28
911,240.571869,169.433304,-0.565479,0.824762,28
912,206.017776,165.262054,0.397416,-0.917639,28
913,229.862839,175.956879,0.895344,0.445374,28
914,218.355957,171.562347,-0.191988,-0.981397,28
915,237.331024,197.498505,-0.506546,-0.862213,28
916,280.318359,151.234222,0.094909,0.995486,29
917,282.005066,152.696350,0.382121,0.924112,29
918,251.748611,174.937454,0.593275,-0.805000,29
919,262.439453,159.482468,0.994695,-0.102873,29
920,255.436920,173.793289,-0.177040,0.984204,29
921,251.105850,175.752426,-0.527186,0.849750,29
922,257.533569,155.049500,-0.880180,-0.474640,29
923,282.899872,168.890625,-0.952802,0.303592,29
924,282.044067,173.629318,-0.641967,-0.766732,29
925,298.136322,188.069748,-0.474640,0.880180,29
926,281.684113,170.792282,-0.992912,-0.118852,29
927,264.457611,168.421234,0.947598,0.319465,29
928,285.427429,173.863663,-0.954601,0.297886,29
929,253.511307,187.928879,-0.979281,-0.202508,29
930,282.396729,152.067093,-0.997715,0.067560,29
931,259.984100,155.343353,-0.955790,0.294050,29
932,256.963165,153.789490,-0.915280,-0.402819,29
933,251.000153,184.027710,-0.866004,-0.500038,29
934,294.259979,193.683487,0.464735,0.885450,29
935,257.837921,171.583145,-0.481520,0.876435,29
936,268.558472,186.180756,0.714407,0.699730,29
937,277.815491,151.041870,-0.477038,-0.878883,29
938,260.726776,171.125107,0.019996,-0.999800,29
939,255.370712,185.497238,-0.997523,0.070345,29
940,258.541748,170.057343,-0.686031,-0.727572,29
941,267.883148,188.265213,0.296484,0.955038,29
942,294.110168,197.253510,0.604427,0.796660,29
943,270.384247,189.785538,0.065111,0.997878,29
944,261.667755,172.465637,0.999592,0.028552,29
945,257.945312,166.585678,0.326156,0.945316,29
946,277.253937,167.781204,-0.020377,0.999792,29
947,260.802856,195.205795,-0.411848,-0.911252,29
948,297.202332,188.073685,-0.528255,0.849086,29
949,295.801880,159.428314,-0.874953,-0.484208,29
950,297.578125,158.500549,-0.954576,-0.297966,29
951,304.605103,152.480988,0.474222,0.880405,30
952,328.325043,151.046082,0.722788,0.691070,30
953,301.824921,196.143921,0.835907,0.548871,30
954,306.731262,162.216873,0.962450,-0.271460,30
955,340.342926,169.554977,0.943589,-0.331118,30
956,314.919128,159.308548,-0.527362,-0.849641,30
957,302.843292,182.596222,-0.965866,0.259044,30
958,321.170685,188.573929,-0.091005,-0.995851,30
959,342.628326,162.485321,-0.352425,-0.935840,30
960,325.487976,161.511337,0.999982,0.005965,30
961,323.315796,166.836838,-0.599515,-0.800364,30
962,321.637177,166.387970,0.700701,-0.713455,30
963,312.496246,165.347839,-0.939876,0.341517,30
964,308.283905,166.719589,0.405651,-0.914028,30
965,308.639618,197.648712,-0.526965,0.849887,30
966,331.518738,190.436279,0.168315,0.985733,30
967,306.415375,190.294922,0.322862,0.946446,30
968,325.682007,158.599350,0.856498,-0.516150,30
969,330.929535,170.916351,-0.898794,-0.438371,30
970,344.262848,178.033554,-0.953374,0.301791,30
971,323.858429,176.918060,0.515097,0.857132,30
972,333.772339,186.230743,-0.018103,0.999836,30
973,327.341553,161.653061,0.906160,0.422936,30
974,322.853729,173.478333,0.936396,0.350944,30
975,330.647034,158.722977,-0.941136,0.338029,30
976,308.682983,166.743896,-0.999944,0.010620,30
977,323.027496,164.656570,0.069496,-0.997582,30
978,312.549469,178.406738,-0.127071,-0.991894,30
979,309.137146,155.526825,0.717587,0.696469,30
980,329.929535,159.926605,-0.298175,-0.954511,30
981,307.418732,183.643326,0.292600,-0.956235,30
982,305.897003,167.481827,0.925659,0.378359,30
983,345.623230,178.125732,-0.947289,0.320379,30
984,398.983337,163.336639,-0.971472,-0.237156,31
985,371.226440,151.012543,-0.476355,0.879253,31
986,396.654572,163.336258,-0.895612,-0.444835,31
987,395.849426,184.609741,-0.788039,-0.615626,31
988,397.319641,167.910187,-0.995826,0.091277,31
989,395.266510,167.169083,-0.939277,-0.343159,31
990,372.879089,157.719666,0.163891,-0.986478,31
991,378.638153,188.753403,0.734477,-0.678634,31
992,362.907501,183.350449,-0.541910,0.840436,31
993,372.391998,174.943649,-0.443773,-0.896139,31
994,377.958710,177.239761,0.015032,-0.999887,31
995,393.451233,194.074188,-0.787379,-0.616469,31
996,374.593597,157.391479,0.147759,-0.989024,31
997,397.270630,198.898209,0.125680,-0.992071,31
998,365.561340,156.830215,-0.459745,-0.888051,31
999,376.905273,155.842285,-0.999791,-0.020428,31
1000,366.301147,152.772491,-0.251166,-0.967944,31
1001,377.782898,158.506134,-0.595470,0.803378,31
1002,379.462311,179.371201,-0.366100,-0.930576,31
1003,396.128052,161.344757,0.022203,0.999753,31
1004,350.697510,169.173264,-0.999466,-0.032688,31
1005,376.259644,158.574615,-0.801946,-0.597397,31
1006,364.065277,183.218185,-0.628175,0.778073,31
1007,387.560974,171.387344,-0.996626,0.082074,31
1008,399.286255,195.811646,-0.040056,-0.999197,31
1009,352.292633,196.330338,-0.187501,-0.982264,31
1010,21.242081,202.148148,-0.115169,0.993346,32
1011,34.074669,237.797897,-0.623090,-0.782150,32
1012,33.652164,239.266266,0.921960,-0.387285,32
1013,38.494774,209.439743,0.623669,-0.781688,32
1014,10.147533,225.750549,-0.589233,0.807963,32
1015,34.064892,224.878235,0.304219,0.952602,32
1016,15.531149,201.483246,-0.905087,-0.425226,32
1017,39.452026,208.628677,0.954539,-0.298085,32
1018,24.884336,210.965256,-0.942858,0.333196,32
1019,40.976215,236.221359,-0.805868,0.592096,32
1020,399.932922,229.272079,-0.998990,0.044933,39
1021,31.405128,242.899063,0.935271,-0.353932,32
1022,31.388781,241.189178,0.106819,0.994278,32
1023,19.326612,229.348038,-0.920651,0.390387,32
1024,20.366980,207.248627,0.918635,-0.395106,32
1025,15.138450,213.373169,0.998951,-0.045798,32
1026,20.027266,208.044647,0.656580,-0.754256,32
1027,34.071949,225.173004,-0.549423,0.835544,32
1028,47.395264,218.114944,0.282937,-0.959138,32
1029,39.861973,210.359619,-0.144745,0.989469,32
1030,29.363060,237.499283,-0.872730,-0.488203,32
1031,10.347323,221.591843,-0.350455,0.936580,32
1032,38.603546,226.988998,0.015757,0.999876,32
1033,34.679134,245.121094,-0.360724,0.932673,32
1034,48.664558,220.668015,0.549191,-0.835697,32
1035,32.757751,241.089676,-0.283666,0.958923,32
1036,44.339741,210.607269,-0.996842,0.079410,32
1037,0.166828,246.790466,0.800856,0.598857,32
1038,80.233215,228.818649,-0.894464,-0.447139,33
1039,86.263809,218.682465,0.784223,-0.620480,33
1040,74.431206,238.773911,-0.025017,0.999687,33
1041,54.880001,246.379654,0.018319,0.999832,33
1042,93.183983,241.893921,-0.046994,0.998895,33
1043,96.150017,237.210281,-0.080853,0.996726,33
1044,85.846199,215.553802,-0.887661,0.460498,33
1045,68.188667,244.430679,-0.490369,-0.871515,33
1046,91.774323,209.715607,0.149633,0.988742,33
1047,95.704872,210.552017,0.551364,0.834265,33
1048,92.003784,222.060776,-0.614957,0.788561,33
1049,92.187157,237.489441,0.514138,0.857708,33
1050,54.939602,243.453110,-0.983800,-0.179271,33
1051,95.700531,214.647339,0.040738,-0.999170,33
1052,66.780235,208.882339,-0.979095,0.203403,33
1053,86.564064,218.887680,0.831821,-0.555043,33
1054,89.814377,218.581940,-0.612594,0.790398,33
1055,52.957565,239.363052,-0.967974,-0.251051,33
1056,97.173462,210.992722,0.642426,-0.766348,33
1057,73.639122,200.685272,0.708220,-0.705992,33
1058,55.843063,245.443451,-0.964446,0.264279,33
1059,99.349014,240.126770,-0.005250,-0.999986,33
1060,97.678261,238.564529,-0.984322,-0.176379,33
1061,75.067558,211.655807,-0.437745,0.899099,33
1062,74.223183,222.437897,-0.958383,-0.285486,33
1063,55.632992,231.189972,-0.670474,-0.741933,33
1064,50.258385,246.581848,-0.737646,0.675188,33
1065,83.208191,243.618683,-0.920126,-0.391623,33
1066,98.778946,235.727051,-0.846813,0.531891,33
1067,51.173306,245.534683,0.005175,-0.999987,33
1068,67.545204,245.692749,-0.483513,-0.875337,33
1069,50.193211,248.622787,-0.474081,-0.880481,33
1070,53.488941,249.714096,0.211321,-0.977417,33
1071,100.955566,204.836151,0.665726,-0.746197,34
1072,130.665390,201.779236,0.850420,0.526104,34
1073,128.737625,202.169312,0.767412,0.641154,34
1074,101.561348,203.100159,0.542002,-0.840377,34
1075,144.701813,201.887085,0.271628,0.962402,34
1076,100.316994,222.739471,-0.983121,-0.182955,34
1077,139.022842,247.133560,-0.025317,0.999680,34
1078,125.987503,208.718613,-0.746854,-0.664988,34
1079,131.074615,234.317322,0.858545,0.512738,34
1080,143.648270,235.493835,0.998618,-0.052553,34
1081,130.662354,247.838593,-0.338496,0.940968,34
1082,100.235054,225.975403,-0.869459,-0.494006,34
1083,141.663742,216.025513,0.473902,-0.880577,34
1084,104.892441,221.392029,-0.999839,-0.017927,34
1085,149.292923,243.432861,0.978552,-0.205999,34
1086,126.664444,207.005844,-0.998660,0.051749,34
1087,144.808823,209.520294,-0.357981,-0.933729,34
1088,110.889763,221.082687,-0.966729,0.255803,34
1089,130.730118,220.402512,0.632884,-0.774247,34
1090,124.634956,236.464172,0.419776,0.907628,34
1091,146.631699,242.628082,0.795918,0.605405,34
1092,131.378235,233.510056,0.970183,-0.242372,34
1093,117.530624,227.606781,0.893646,-0.448774,34
1094,149.545227,225.589996,0.292672,-0.956213,34
1095,125.323433,238.578339,0.781054,0.624463,34
1096,148.267395,225.418686,-0.664101,-0.747643,34
1097,143.815445,225.936890,-0.491899,0.870652,34
1098,143.289383,246.448395,-0.858312,0.513129,34
1099,183.242798,202.273346,-0.015663,0.999877,35
1100,176.403183,205.928162,0.333277,0.942829,35
1101,150.318985,227.865891,-0.013401,-0.999910,35
1102,194.619751,205.891327,-0.500443,0.865770,35
1103,150.957886,247.616821,-0.114099,0.993469,35
1104,157.385803,230.714188,-0.238185,0.971220,35
1105,178.874130,236.652863,-0.251754,-0.967791,35
1106,177.748032,217.696152,-0.872651,0.488345,35
1107,192.585251,242.497284,0.011451,0.999934,35
1108,177.367157,210.068069,-0.069733,0.997566,35
1109,190.204178,224.126099,-0.094802,-0.995496,35
1110,152.537598,231.118973,-0.668834,0.743412,35
1111,170.259201,229.860886,-0.970118,0.242632,35
1112,169.777817,231.830475,-0.987754,0.156018,35
1113,192.059021,246.559814,-0.190537,0.981680,35
1114,156.854401,201.756210,-0.941829,-0.336094,35
1115,159.714844,201.492706,-0.983490,-0.180962,35
1116,164.363480,211.814880,0.999613,0.027831,35
1117,159.680450,204.058929,-0.928278,-0.371886,35
1118,164.961411,207.818542,0.574162,-0.818742,35
1119,179.519272,232.040253,0.402318,0.915500,35
1120,184.275543,207.586838,-0.969726,0.244196,35
1121,184.643723,229.973358,-0.993346,0.115169,35
1122,177.228210,219.126984,-0.985356,0.170508,35
1123,185.408951,234.768784,0.998658,0.051791,35
1124,161.500671,201.877777,-0.971725,-0.236115,35
1125,182.127594,220.225891,-0.999189,-0.040268,35
1126,157.950027,241.157379,-0.994774,0.102106,35
1127,157.647308,224.199356,-0.984654,-0.174515,35
1128,170.964447,249.697983,-0.203105,0.979157,35
1129,192.818619,245.809708,0.995228,-0.097575,35
1130,158.112274,200.871185,-0.160606,-0.987019,35
1131,186.404816,229.396057,-0.980518,0.196428,35
1132,161.396332,242.473526,-0.983842,-0.179036,35
1133,161.145767,223.752380,-0.998920,-0.046470,35
1134,162.684494,208.177078,0.188987,-0.981980,35
1135,163.508133,224.455063,-0.972941,0.231054,35
1136,161.541809,224.939056,-0.990340,0.138663,35
1137,176.477219,235.255432,-0.349006,-0.937120,35
1138,165.561066,211.811783,0.573431,-0.819254,35
1139,169.020874,237.101288,-0.974057,0.226305,35
1140,195.386429,244.113602,-0.896732,-0.442575,35
1141,192.269348,244.883072,-0.817748,-0.575577,35
1142,151.823257,247.089066,-0.858743,-0.512406,35
1143,184.920700,249.207458,0.876752,-0.480942,35
1144,209.186737,201.501694,-0.681351,0.731957,36
1145,200.826874,246.714508,0.650359,-0.759627,36
1146,212.468719,202.474884,-0.677163,0.735833,36
1147,225.199417,202.822311,-0.189870,0.981809,36
1148,203.663254,228.744995,0.874134,0.485684,36
1149,231.009796,207.438843,0.838633,0.544697,36
1150,223.227432,201.771347,-0.189613,0.981859,36
1151,249.267349,210.369614,0.954490,0.298242,36
1152,219.048080,204.394547,0.452372,0.891829,36
1153,235.153824,235.885544,0.028428,0.999596,36
1154,233.799515,238.464661,0.342052,-0.939681,36
1155,203.334442,235.414139,-0.891851,-0.452330,36
1156,236.858444,209.647827,-0.603947,0.797025,36
1157,207.150726,230.845169,-0.179823,-0.983699,36
1158,214.543564,244.505371,0.661610,-0.749848,36
1159,219.574997,213.097046,0.611675,0.791109,36
1160,212.293457,242.140976,-0.104214,-0.994555,36
1161,211.441345,223.799973,-0.835072,0.550141,36
1162,209.712830,229.842117,0.376993,0.926216,36
1163,245.582947,245.400772,-0.789745,0.613435,36
1164,200.702209,237.553268,-0.724253,-0.689534,36
1165,213.981430,228.435730,0.996189,0.087221,36
1166,204.203903,249.623947,-0.859012,0.511956,36
1167,240.933350,208.814713,-0.970863,0.239634,36
1168,231.350708,223.446014,-0.836844,0.547442,36
1169,235.752716,222.875534,-0.833602,0.552365,36
1170,225.924408,218.188019,-0.068697,-0.997638,36
1171,219.783020,214.671021,-0.520570,0.853819,36
1172,218.385941,224.362915,-0.977494,0.210962,36
1173,229.342682,246.532394,-0.585546,-0.810640,36
1174,229.251160,222.106323,-0.705210,0.708998,36
1175,222.491638,233.603668,-0.926450,-0.376417,36
1176,242.963486,218.357300,-0.600783,0.799412,36
1177,233.093460,237.264603,0.057333,-0.998355,36
1178,221.680603,213.507446,0.158716,0.987324,36
1179,202.483597,238.338745,-0.723448,-0.690379,36
1180,205.619263,221.647858,-0.605047,0.796190,36
1181,227.918335,218.311920,-0.527845,-0.849341,36
1182,223.880219,235.025238,-0.990534,-0.137271,36
1183,207.533615,214.894211,-0.981437,-0.191785,36
1184,238.216080,234.115646,0.111854,0.993725,36
1185,247.737762,242.500107,-0.967525,-0.252776,36
1186,248.083755,225.077942,-0.666191,0.745782,36
1187,229.206131,248.419510,-0.922011,-0.387163,36
1188,249.446213,244.128006,-0.999714,0.023929,36
1189,221.442383,247.234909,-0.249865,-0.968281,36
1190,226.163223,249.313736,-0.313376,-0.949629,36
1191,250.487000,212.894699,0.995057,-0.099302,37
1192,251.572327,228.652679,0.717469,-0.696590,37
1193,253.816833,227.227829,0.659520,-0.751687,37
1194,288.744354,202.470108,0.159474,0.987202,37
1195,251.019791,223.385513,0.093516,0.995618,37
1196,263.490021,211.638611,-0.653802,0.756666,37
1197,263.523254,245.097260,-0.214910,-0.976634,37
1198,263.248260,212.885727,-0.479458,0.877564,37
1199,282.591522,218.061203,-0.686478,0.727150,37
1200,278.511688,218.531616,-0.931167,0.364593,37
1201,288.378784,217.221695,-0.925735,-0.378173,37
1202,298.169189,250.103394,0.737092,0.675792,45
1203,250.366623,226.854340,0.131988,-0.991251,37
1204,263.237091,221.131607,0.982760,-0.184884,37
1205,279.700378,214.817291,-0.588146,0.808755,37
1206,282.956604,223.335144,0.299241,-0.954177,37
1207,252.386108,223.970337,0.196840,0.980436,37
1208,266.218170,220.830307,0.384241,-0.923233,37
1209,273.265778,215.221771,0.498258,0.867029,37
1210,295.110809,228.974106,0.643958,0.765061,37
1211,276.344452,215.738480,-0.194721,0.980859,37
1212,290.785004,202.656082,-0.288775,0.957397,37
1213,251.577911,219.560410,-0.227798,0.973708,37
1214,259.906738,245.956177,0.734465,-0.678647,37
1215,251.597870,224.314301,-0.370330,-0.928900,37
1216,269.803680,231.505630,-0.246810,-0.969064,37
1217,265.540558,234.543015,-0.429916,-0.902869,37
1218,276.809753,226.271942,0.498439,0.866925,37
1219,298.883026,216.559784,-0.013279,-0.999912,37
1220,276.182831,228.836060,0.517708,0.855557,37
1221,264.044098,223.225403,0.928721,-0.370780,37
1222,286.548920,243.725769,0.308276,0.951297,37
1223,285.078552,224.964172,0.752436,-0.658665,37
1224,261.391174,215.707291,-0.362315,0.932056,37
1225,264.879059,241.340988,-0.261932,-0.965086,37
1226,269.880371,248.535461,0.005667,-0.999984,37
1227,307.354187,236.120346,0.844543,-0.535488,38
1228,324.151367,209.264801,0.557497,0.830179,38
1229,339.958282,242.163513,0.942148,0.335197,38
1230,344.273224,212.142532,0.775035,-0.631919,38
1231,306.522156,241.254883,0.697531,-0.716555,38
1232,307.773071,204.795975,0.978435,-0.206555,38
1233,319.032410,201.295883,0.994346,-0.106186,38
1234,335.375641,205.547241,-0.599933,-0.800050,38
1235,347.429535,211.280426,0.746029,-0.665914,38
1236,310.219879,212.957932,0.994452,0.105195,38
1237,330.509918,205.781754,0.780489,0.625170,38
1238,342.795349,230.388702,-0.193134,-0.981172,38
1239,349.805939,217.818024,0.485598,0.874182,38
1240,325.085236,218.108810,0.206020,0.978548,38
1241,334.825867,210.358902,-0.073373,-0.997305,38
1242,313.725250,215.342331,0.965276,0.261232,38
1243,336.896790,227.364746,-0.913560,-0.406705,38
1244,328.623505,205.164703,0.799179,0.601093,38
1245,311.618408,221.126419,-0.659591,0.751625,38
1246,310.867401,229.569733,-0.678740,0.734378,38
1247,330.155029,236.797592,0.960801,0.277239,38
1248,312.420959,239.123276,0.713971,-0.700175,38
1249,315.361084,205.524429,-0.041811,-0.999126,38
1250,346.095062,221.556656,0.600684,-0.799487,38
1251,309.103821,247.842377,-0.949073,-0.315056,38
1252,303.689758,228.746826,-0.622965,0.782250,38
1253,322.424011,241.443008,-0.957335,-0.288982,38
1254,312.295288,229.392868,-0.764811,0.644255,38
1255,339.566437,223.051178,-0.509998,-0.860175,38
1256,344.314270,230.540604,0.346776,-0.937948,38
1257,322.896179,203.322952,0.864947,0.501864,38
1258,339.677155,219.000626,0.853966,0.520328,38
1259,336.594086,207.100677,-0.686971,-0.726685,38
1260,336.007019,225.888962,-0.498043,-0.867152,38
1261,338.642914,244.172501,0.636942,0.770912,38
1262,318.910645,209.828201,0.646620,0.762812,38
1263,327.182220,221.950989,0.691044,0.722813,38
1264,302.503632,247.383621,0.752702,-0.658361,38
1265,350.220886,247.177124,0.826234,-0.563327,39
1266,399.603455,231.002884,-0.972469,0.233034,39
1267,381.179504,201.458496,-0.695953,0.718087,39
1268,397.324310,236.768845,-0.819502,-0.573077,39
1269,351.581848,204.168518,0.275628,0.961264,39
1270,384.496216,206.695953,0.707831,0.706382,39
1271,363.312225,205.155228,-0.774233,0.632901,39
1272,356.312775,224.149811,0.364914,0.931041,39
1273,397.067169,222.470032,0.759749,0.650217,39
1274,362.128998,230.120926,0.896176,-0.443699,39
1275,374.416016,222.425400,-0.506070,0.862493,39
1276,383.235840,222.768311,-0.214785,0.976661,39
1277,389.968262,245.008316,-0.377057,0.926190,39
1278,381.358734,225.383423,0.360023,-0.932944,39
1279,364.352631,238.001175,0.655330,0.755343,39
1280,382.247498,213.745972,-0.856448,0.516233,39
1281,375.278595,225.781021,0.954333,-0.298746,39
1282,357.914551,220.793716,-0.998756,0.049862,39
1283,377.151581,224.272964,-0.490654,0.871354,39
1284,378.960571,242.451263,-0.893347,-0.449367,39
1285,397.297272,211.597122,-0.590131,-0.807308,39
1286,373.000214,225.124084,0.720280,-0.693683,39
1287,390.243042,238.271103,-0.294293,-0.955715,39
1288,363.278137,235.405106,0.871087,0.491129,39
1289,390.263885,229.192627,0.277695,0.960669,39
1290,375.119598,245.897522,0.624768,0.780810,39
1291,389.977875,243.576355,-0.202667,0.979248,39
1292,361.135864,207.156723,-0.636728,0.771088,39
1293,362.680450,209.292557,-0.729305,0.684189,39
1294,382.167664,225.774384,0.371709,-0.928349,39
1295,374.385284,246.764633,0.448060,0.894003,39
1296,390.887329,228.481705,0.279332,0.960195,39
1297,16.084003,254.113541,0.297991,0.954569,40
1298,49.825603,270.207672,0.370331,0.928900,40
1299,20.269308,291.225677,0.144311,-0.989532,40
1300,23.093519,286.917633,-0.895009,-0.446048,40
1301,19.427412,293.925507,-0.430731,-0.902481,40
1302,3.366878,265.885925,0.928650,0.370956,40
1303,12.567475,254.468964,-0.909301,0.416138,40
1304,11.721105,295.483459,0.820318,0.571908,40
1305,7.443786,278.639984,0.122557,0.992461,40
1306,11.106234,293.409088,0.137614,-0.990486,40
1307,24.400091,262.838715,-0.950822,-0.309737,40
1308,10.687591,293.449219,0.332361,0.943152,40
1309,1.871268,267.721130,0.078111,0.996945,40
1310,10.934037,250.963806,-0.884882,-0.465815,40
1311,15.408306,262.446655,0.950135,-0.311840,40
1312,21.105408,296.015472,0.021316,-0.999773,40
1313,12.647032,259.908447,0.385012,-0.922911,40
1314,29.602266,263.955078,-0.993597,-0.112983,40
1315,44.750450,287.887207,-0.838628,0.544705,40
1316,29.971865,265.162994,-0.791818,0.610757,40
1317,10.187882,262.079590,-0.969874,-0.243606,40
1318,39.123280,251.226166,-0.205473,-0.978663,40
1319,45.840672,269.988770,0.856567,0.516035,40
1320,37.912266,250.970337,-0.373329,-0.927699,40
1321,9.230767,290.321472,0.848047,0.529920,40
1322,36.639107,279.366455,0.963500,0.267707,40
1323,41.803764,255.559998,0.360227,-0.932865,40
1324,34.860924,283.361389,0.962462,-0.271415,40
1325,40.326061,264.232697,0.649661,-0.760224,40
1326,12.240060,266.969238,-0.989690,0.143223,40
1327,0.888067,272.247345,0.917943,-0.396712,40
1328,35.492439,279.247162,0.900332,-0.435203,40
1329,4.337097,272.119202,0.785968,-0.618267,40
1330,44.992802,252.073029,-0.933485,-0.358616,40
1331,2.831814,285.700348,0.666993,-0.745064,40
1332,49.718971,253.149460,-0.921977,-0.387244,40
1333,70.252007,252.822327,-0.825830,0.563919,41
1334,62.044292,259.554779,0.284128,0.958786,41
1335,63.946476,257.405701,0.157967,0.987444,41
1336,57.528297,287.011261,0.982102,0.188353,41
1337,81.141396,280.244598,-0.919808,-0.392368,41
1338,95.203529,269.222260,-0.469100,0.883145,41
1339,97.150681,295.829102,-0.838529,-0.544858,41
1340,61.946465,281.124298,0.692433,0.721482,41
1341,74.953041,269.825775,0.776523,-0.630089,41
1342,91.860573,273.181671,-0.625801,0.779983,41
1343,72.658829,276.978027,0.211664,-0.977342,41
1344,80.667999,275.722717,-0.815841,-0.578276,41
1345,72.072624,270.272766,0.998936,0.046129,41
1346,82.783363,271.172211,0.614533,0.788891,41
1347,51.328735,253.192459,-0.488863,-0.872361,41
1348,96.717300,269.443939,-0.366278,0.930505,41
1349,77.922234,299.706970,-0.802796,0.596254,41
1350,65.317825,268.917297,0.685400,-0.728167,41
1351,83.491562,265.803314,0.860762,0.509008,41
1352,93.012184,294.544556,-0.296584,-0.955007,41
1353,86.256195,268.387817,0.201383,0.979513,41
1354,93.536964,288.137970,0.542130,-0.840294,41
1355,71.458641,272.236450,0.995718,-0.092441,41
1356,68.084633,277.465546,0.170680,-0.985326,41
1357,88.503304,260.802368,-0.999939,-0.011079,41
1358,92.206062,273.575134,-0.999688,0.024972,41
1359,51.879105,298.269135,0.982078,-0.188474,41
1360,100.244942,278.698822,0.801864,0.597507,42
1361,101.024651,295.377106,0.126536,0.991962,42
1362,130.040787,255.655273,-0.403695,0.914894,42
1363,105.612419,283.082458,0.793104,0.609086,42
1364,102.916939,277.995026,0.628065,0.778161,42
1365,139.400833,273.292603,-0.654249,0.756279,42
1366,134.403397,251.611008,0.492515,-0.870304,42
1367,105.065254,277.850555,-0.095630,0.995417,42
1368,113.994194,259.910797,0.662109,0.749408,42
1369,141.338516,290.574066,0.981335,-0.192305,42
1370,118.252304,293.488861,-0.986853,-0.161618,42
1371,124.637787,275.321472,0.617704,0.786411,42
1372,130.140198,278.738281,-0.548196,-0.836350,42
1373,136.078857,251.264343,-0.890619,-0.454751,42
1374,140.020584,286.775085,0.993042,-0.117763,42
1375,117.032150,266.638336,-0.923866,0.382716,42
1376,124.819672,252.980270,-0.910748,0.412962,42
1377,135.251663,288.603516,0.897991,0.440015,42
1378,123.894295,265.175598,-0.733231,0.679980,42
1379,147.054657,287.143066,0.999926,0.012159,42
1380,121.506882,271.448822,0.841453,-0.540330,42
1381,119.367149,287.633820,-0.798892,0.601475,42
1382,127.943314,270.489349,-0.560129,-0.828406,42
1383,110.127647,272.172089,-0.630064,0.776543,42
1384,132.647308,262.781860,0.429935,0.902860,42
1385,141.840469,269.905792,-0.552344,0.833617,42
1386,108.323044,281.687103,0.979486,0.201513,42
1387,133.953156,251.649582,-0.932842,0.360286,42
1388,119.754448,275.358459,0.966962,0.254922,42
1389,124.004395,293.987396,-0.846077,-0.533060,42
1390,112.304260,295.907654,0.206508,-0.978445,42
1391,135.027679,298.871643,0.707851,-0.706362,42
1392,150.181427,266.997162,0.311632,0.950203,43
1393,151.260330,274.203369,0.887235,-0.461319,43
1394,154.050949,276.756409,0.977701,-0.210000,43
1395,179.239655,253.214890,-0.905667,0.423990,43
1396,151.968719,257.680969,-0.892590,0.450869,43
1397,189.398422,270.979492,0.212915,-0.977071,43
1398,187.284866,250.286972,0.271333,-0.962486,43
1399,166.157471,278.591644,-0.705264,0.708945,43
1400,156.349136,272.679169,-0.761487,-0.648180,43
1401,178.949478,266.916443,-0.654203,0.756319,43
1402,178.025391,278.158691,-0.934480,0.356015,43
1403,179.300369,284.939667,-0.994616,0.103630,43
1404,167.620880,252.602448,-0.848672,0.528920,43
1405,167.864929,268.542603,0.781103,-0.624402,43
1406,181.370605,280.413269,0.966056,0.258334,43
1407,188.845886,253.192429,0.917970,-0.396650,43
1408,181.310944,250.458969,-0.818880,-0.573964,43
1409,156.219345,275.646057,-0.977338,-0.211687,43
1410,192.072235,269.617523,0.671264,0.741218,43
1411,154.552780,289.030029,-0.628283,0.777985,43
1412,179.984863,256.812775,-0.864920,-0.501910,43
1413,170.030579,252.606049,-0.758217,0.652003,43
1414,177.496368,287.188232,-0.403674,-0.914903,43
1415,171.554535,296.141846,0.425915,0.904763,43
1416,175.040497,291.869324,-0.916021,0.401130,43
1417,154.704788,275.909485,-0.629042,0.777371,43
1418,152.995956,281.537262,0.962467,-0.271400,43
1419,151.614685,260.583801,-0.967721,-0.252024,43
1420,153.785843,284.368103,-0.904133,-0.427250,43
1421,172.103622,292.167419,0.879390,0.476103,43
1422,176.893814,268.042389,0.250448,0.968130,43
1423,150.752121,267.049774,0.044993,0.998987,43
1424,156.924011,292.674225,-0.718429,-0.695600,43
1425,151.110748,298.975769,-0.060190,0.998187,43
1426,192.666199,272.626068,0.255656,-0.966768,43
1427,173.048080,284.232697,0.129149,-0.991625,43
1428,158.577621,278.216949,0.022040,-0.999757,43
1429,181.922684,256.467407,-0.478571,-0.878049,43
1430,171.461670,286.073212,0.727034,-0.686601,43
1431,205.442566,263.440460,0.713874,-0.700274,44
1432,228.081131,289.609772,-0.955367,0.295422,44
1433,224.875290,278.726807,0.262923,-0.964817,44
1434,217.719940,274.550476,0.992528,0.122016,44
1435,217.202682,267.682373,-0.997313,-0.073253,44
1436,240.591248,263.667725,-0.977047,-0.213023,44
1437,224.259369,290.265076,-0.902255,0.431203,44
1438,221.779602,289.830353,-0.862823,0.505506,44
1439,236.003998,281.562225,-0.240119,0.970744,44
1440,212.200409,276.875641,-0.409753,-0.912196,44
1441,225.666473,273.545013,0.994592,-0.103859,44
1442,231.815720,271.692566,-0.113633,-0.993523,44
1443,226.541351,284.154877,-0.986379,0.164487,44
1444,211.262634,284.428345,-0.381519,-0.924361,44
1445,215.790085,281.359924,0.600110,-0.799918,44
1446,203.182770,265.955933,0.667751,-0.744385,44
1447,225.719559,274.358215,0.339100,-0.940751,44
1448,213.187134,283.238495,-0.522011,-0.852938,44
1449,213.473602,257.251740,-0.819290,0.573380,44
1450,229.609528,292.361053,-0.978471,0.206384,44
1451,205.517014,264.648285,-0.773427,-0.633885,44
1452,219.904037,267.614960,-0.987085,-0.160201,44
1453,238.831894,283.086853,-0.415773,0.909468,44
1454,213.121063,272.603271,-0.873736,-0.486401,44
1455,245.987061,280.530060,0.760822,-0.648960,44
1456,212.512100,273.831177,-0.762166,-0.647381,44
1457,238.504181,285.054962,0.019658,-0.999807,44
1458,248.356232,280.298737,-0.047885,0.998853,44
1459,252.608551,287.428986,0.899460,-0.437004,45
1460,267.833344,265.669617,0.551696,-0.834046,45
1461,278.607788,277.860596,0.345406,0.938454,45
1462,290.027008,266.201050,-0.476535,0.879156,45
1463,253.887360,271.870941,-0.247370,-0.968921,45
1464,252.461243,276.582733,-0.926143,0.377173,45
1465,268.577881,290.777496,0.948371,0.317162,45
1466,256.191437,264.749847,0.334184,-0.942508,45
1467,287.048096,271.548523,-0.688357,-0.725372,45
1468,298.964081,254.162766,0.968576,0.248718,45
1469,284.567932,284.226898,0.471511,0.881860,45
1470,265.112427,290.968872,0.106073,-0.994358,45
1471,252.810608,273.689178,-0.989960,0.141346,45
1472,269.818176,288.883148,0.999117,-0.042002,45
1473,288.755798,287.817169,0.628447,-0.777852,45
1474,265.740662,293.953308,-0.172286,-0.985047,45
1475,279.658966,276.228363,0.452726,0.891650,45
1476,274.388214,266.042694,0.998551,-0.053810,45
1477,293.166077,265.501038,0.525356,0.850882,45
1478,288.347260,293.658508,-0.697524,0.716562,45
1479,285.281097,268.340515,0.685871,0.727723,45
1480,272.012268,278.537354,0.994910,-0.100762,45
1481,267.610870,293.596680,-0.881412,-0.472348,45
1482,286.025635,299.020416,-0.835137,0.550042,45
1483,269.450348,252.543411,-0.969681,-0.244374,45
1484,286.587067,268.791077,-0.725529,-0.688192,45
1485,286.981567,297.394379,-0.998176,-0.060375,45
1486,264.520721,296.892334,0.417843,-0.908520,45
1487,267.387665,294.793457,-0.143742,-0.989615,45
1488,302.527588,250.138214,0.998606,0.052784,46
1489,319.683105,261.651245,-0.099570,0.995031,46
1490,305.970886,280.071960,0.878787,-0.477215,46
1491,306.006256,274.145050,0.986271,0.165133,46
1492,347.145752,263.994263,-0.053315,-0.998578,46
1493,316.538971,278.361725,0.903596,-0.428386,46
1494,313.412079,259.561890,-0.999941,-0.010885,46
1495,327.978973,295.959137,-0.986222,-0.165429,46
1496,335.426025,275.749084,-0.795080,-0.606504,46
1497,347.742889,281.413055,-0.156997,-0.987599,46
1498,314.073120,261.124908,-0.332426,-0.943129,46
1499,307.912140,268.265869,-0.922217,-0.386673,46
1500,333.645569,272.308380,-0.753309,-0.657667,46
1501,310.558807,282.005066,-0.410164,-0.912012,46
1502,318.109375,262.680908,-0.349232,-0.937036,46
1503,317.007355,259.488434,-0.674945,-0.737868,46
1504,334.783783,272.979889,-0.825789,0.563979,46
1505,306.905212,270.307587,-0.996225,-0.086812,46
1506,325.221985,296.831909,-0.849579,0.527461,46
1507,335.600708,263.278320,-0.898876,-0.438203,46
1508,320.471619,261.537384,0.746378,-0.665523,46
1509,306.637939,279.517517,-0.294754,-0.955573,46
1510,320.209259,263.638062,0.117151,-0.993114,46
1511,348.486237,259.696442,0.529878,-0.848074,46
1512,320.461670,265.609161,-0.784323,-0.620353,46
1513,335.337341,250.499039,0.333432,-0.942774,46
1514,307.697815,276.548187,0.837746,0.546060,46
1515,332.618805,260.698364,-0.998992,0.044881,46
1516,309.040924,283.213470,-0.333855,-0.942624,46
1517,337.448059,260.048340,0.461837,-0.886965,46
1518,333.691620,258.466492,-0.851840,-0.523803,46
1519,330.402191,259.802185,-0.910094,0.414402,46
1520,320.344452,259.572723,0.997044,-0.076831,46
1521,338.566040,275.765778,0.233605,0.972332,46
1522,304.588776,266.825867,0.729511,-0.683969,46
1523,323.366028,290.842560,-0.403671,-0.914904,46
1524,336.656708,262.395630,-0.735351,-0.677686,46
1525,349.543060,294.222137,-0.264919,0.964271,46
1526,316.469666,257.910797,-0.657522,-0.753435,46
1527,325.808777,289.490906,0.112578,-0.993643,46
1528,365.793732,251.382095,0.163846,0.986486,47
1529,367.868622,251.858978,-0.582008,0.813183,47
1530,351.355530,255.121307,0.263778,-0.964584,47
1531,359.346130,252.493423,0.999980,0.006338,47
1532,391.965637,257.916565,-0.999057,0.043405,47
1533,352.184235,277.559845,-0.554455,0.832214,47
1534,371.631866,261.984100,-0.354630,0.935007,47
1535,380.742889,281.063538,-0.258811,-0.965928,47
1536,375.086639,281.125641,-0.401751,0.915749,47
1537,359.437866,290.428131,0.998491,0.054917,47
1538,362.806519,259.346619,0.929365,-0.369163,47
1539,373.917847,280.525177,-0.182881,-0.983135,47
1540,370.631561,263.930420,0.009599,0.999954,47
1541,368.694641,273.425903,-0.621850,0.783136,47
1542,364.700531,269.541412,-0.779248,0.626716,47
1543,366.328064,261.821350,-0.964114,0.265487,47
1544,363.147552,257.189728,0.805708,0.592312,47
1545,382.239685,254.186691,-0.867049,-0.498222,47
1546,368.416901,260.451263,-0.995553,0.094198,47
1547,369.427917,298.363983,-0.377205,0.926130,47
1548,382.146729,257.124542,-0.827655,-0.561237,47
1549,350.599518,263.009613,0.015148,-0.999885,47
1550,395.985809,281.413452,-0.649512,0.760351,47
1551,372.569214,281.651031,-0.594102,0.804390,47
1552,365.383575,273.718292,-0.562241,0.826974,47
1553,363.998657,289.024872,0.977038,0.213064,47
1554,43.208904,307.130371,-0.814185,0.580606,48
1555,27.453291,304.392761,-0.985253,-0.171103,48
1556,40.621563,346.117615,0.946785,0.321867,48
1557,24.623224,304.184937,-0.985927,-0.167178,48
1558,7.980683,336.594604,0.573772,-0.819015,48
1559,24.570999,320.704407,-0.680853,-0.732420,48
1560,27.507479,300.284637,-0.959054,-0.283224,48
1561,39.667450,308.740387,-0.855540,0.517736,48
1562,19.982897,321.217560,-0.877240,-0.480053,48
1563,14.467495,330.056061,-0.676017,0.736886,48
1564,24.214586,341.814331,0.824337,0.566099,48
1565,31.089506,307.780701,0.383020,-0.923740,48
1566,31.033287,305.104034,0.320405,-0.947281,48
1567,32.541962,341.070679,-0.057932,0.998321,48
1568,29.321205,336.899994,-0.103690,0.994610,48
1569,47.353184,340.668976,0.939757,-0.341844,48
1570,22.866070,347.113098,0.278629,0.960399,48
1571,15.850540,346.892059,-0.291013,0.956719,48
1572,48.195484,325.446320,0.993055,0.117655,48
1573,36.025818,333.668030,-0.998724,0.050506,48
1574,24.321714,344.165833,0.350057,0.936728,48
1575,27.699663,337.664764,-0.210360,0.977624,48
1576,23.791195,310.406250,0.905220,0.424943,48
1577,25.298901,310.584534,0.968572,0.248735,48
1578,0.538199,315.506805,-0.203411,-0.979093,48
1579,33.816139,325.909973,-0.421882,0.906651,48
1580,15.396931,330.627960,-0.612629,0.790370,48
1581,6.702976,343.710785,-0.968465,0.249148,48
1582,7.133140,341.376801,-0.866724,0.498789,48
1583,1.509056,335.283325,-0.139738,-0.990188,48
1584,11.682611,324.567261,-0.241918,0.970297,48
1585,42.692616,339.392975,-0.500988,-0.865454,48
1586,44.163544,336.269623,-0.697890,0.716205,48
1587,48.354706,341.480164,-0.184888,-0.982759,48
1588,48.037678,335.392426,-0.257618,-0.966247,48
1589,1.576608,339.737488,0.939240,-0.343261,48
1590,48.090977,344.625061,-0.499631,-0.866238,48
1591,55.795021,300.328735,0.351462,0.936202,49
1592,52.810192,302.057434,0.951678,0.307098,49
1593,53.712841,314.266693,0.986322,-0.164830,49
1594,50.873749,339.419586,0.149005,-0.988837,49
1595,87.770500,328.071472,-0.599485,-0.800386,49
1596,87.241234,322.725159,0.052083,-0.998643,49
1597,85.731079,339.843567,0.256526,0.966537,49
1598,57.392937,300.969757,0.087589,0.996157,49
1599,64.783401,319.334290,-0.225392,0.974268,49
1600,64.680664,324.577789,0.511160,0.859485,49
1601,61.946110,301.192474,-0.905220,-0.424944,49
1602,67.972298,331.776581,0.874966,-0.484184,49
1603,82.659126,326.063568,0.132757,-0.991149,49
1604,83.427742,329.117249,0.442573,-0.896732,49
1605,70.092453,309.260071,-0.999915,0.013071,49
1606,74.469223,335.728058,-0.278689,0.960381,49
1607,89.868660,306.700928,0.611108,-0.791547,49
1608,66.666771,344.337189,0.843920,0.536469,49
1609,99.518532,312.295685,-0.978139,0.207954,49
1610,86.716652,323.620087,0.373325,0.927700,49
1611,85.020309,341.823669,0.274938,0.961462,49
1612,70.649284,327.820435,-0.913362,0.407149,49
1613,67.582268,330.772858,0.792607,-0.609733,49
1614,66.300804,311.396088,-0.985842,-0.167677,49
1615,93.853394,308.198853,-0.246053,-0.969256,49
1616,93.344971,309.949677,-0.321371,-0.946953,49
1617,78.698784,341.702515,0.619678,0.784856,49
1618,99.406105,313.982941,0.885637,0.464378,49
1619,74.632980,348.444122,-0.926309,0.376764,49
1620,57.793606,317.721466,0.715796,0.698310,49
1621,59.222317,317.280670,0.970857,0.239659,49
1622,90.086411,302.057373,0.965666,0.259785,49
1623,75.139999,316.477173,-0.819243,0.573447,49
1624,92.729546,333.793671,-0.871307,0.490738,49
1625,92.364906,332.310913,-0.870857,0.491537,49
1626,95.621094,302.109833,-0.849345,-0.527838,49
1627,100.070076,346.052246,0.499031,0.866584,50
1628,100.980621,320.444916,0.770434,-0.637520,50
1629,107.684471,304.528625,0.268891,0.963171,50
1630,102.054985,318.314453,0.711948,-0.702232,50
1631,122.158684,307.498901,0.095932,0.995388,50
1632,129.312714,305.776855,0.712933,-0.701232,50
1633,145.133438,347.367340,0.198514,0.980098,50
1634,128.622559,330.411621,0.907565,0.419911,50
1635,118.388939,308.274445,-0.481803,0.876279,50
1636,118.049164,324.938171,-0.613929,0.789361,50
1637,107.692406,343.543518,-0.472251,0.881464,50
1638,131.163376,332.326233,-0.697777,0.716315,50
1639,128.217499,316.622040,-0.989230,-0.146369,50
1640,134.926346,329.921021,-0.538412,0.842682,50
1641,131.445770,317.136505,-0.729936,-0.683515,50
1642,123.818634,336.371704,0.686954,-0.726701,50
1643,114.156471,337.296570,0.734162,-0.678975,50
1644,122.775101,321.929779,0.033092,0.999452,50
1645,138.097870,315.292511,-0.278942,0.960308,50
1646,126.017250,324.958893,0.888015,0.459815,50
1647,100.215912,311.242126,-0.965094,0.261903,50
1648,119.875000,309.262360,0.995624,-0.093450,50
1649,136.989929,339.411621,0.809096,-0.587676,50
1650,132.327148,302.840027,0.743426,-0.668818,50
1651,137.824661,345.663605,-0.990549,0.137162,50
1652,113.246307,332.481842,-0.885899,-0.463878,50
1653,120.563904,335.038391,-0.100307,-0.994956,50
1654,102.055283,312.092102,-0.745247,0.666788,50
1655,115.591873,345.645050,0.999715,-0.023872,50
1656,148.985077,326.127991,0.936229,-0.351392,50
1657,103.483238,311.009064,-0.921532,0.388301,50
1658,115.632591,336.166718,0.981004,0.193986,50
1659,125.719589,337.468842,0.164045,0.986453,50
1660,101.690369,315.498322,-0.751559,0.659666,50
1661,116.495506,344.661102,0.980291,0.197557,50
1662,143.347549,312.437286,-0.655654,-0.755062,50
1663,132.826675,346.873596,-0.907791,-0.419423,50
1664,125.116821,345.985352,0.900908,-0.434010,50
1665,126.295555,349.938171,0.898786,-0.438388,50
1666,150.740036,329.457642,0.868763,-0.495228,51
1667,154.231064,301.617493,0.095209,0.995457,51
1668,153.318619,317.828308,0.999918,-0.012794,51
1669,150.550690,314.437286,0.746541,-0.665340,51
1670,199.308273,320.926361,0.999969,0.007909,51
1671,194.454742,332.746368,0.980822,-0.194908,51
1672,162.686676,339.273407,-0.756045,0.654519,51
1673,178.172043,333.531525,0.667203,0.744876,51
1674,154.112701,303.386841,0.456397,0.889776,51
1675,157.211533,309.884918,-0.352425,0.935840,51
1676,163.230545,348.439636,0.417488,0.908682,51
1677,166.983032,336.984589,-0.866904,0.498475,51
1678,160.242508,334.783875,0.306350,0.951919,51
1679,153.811066,315.900024,-0.975634,-0.219405,51
1680,157.224854,341.934357,-0.814251,0.580512,51
1681,191.143555,346.171448,-0.921918,0.387384,51
1682,157.973480,338.182220,-0.706300,0.707913,51
1683,186.711594,304.442657,-0.997292,-0.073545,51
1684,180.757568,336.501770,0.569873,0.821732,51
1685,187.671692,320.240051,-0.392537,0.919736,51
1686,169.256821,304.933624,-0.350978,-0.936384,51
1687,178.677994,319.654938,0.999662,0.025986,51
1688,185.612762,342.752014,-0.331914,0.943310,51
1689,161.073166,349.393158,0.701826,0.712349,51
1690,188.940033,305.331940,-0.965262,0.261285,51
1691,165.272446,304.323120,0.927032,-0.374982,51
1692,168.452286,302.866425,-0.649532,-0.760334,51
1693,168.601700,304.069061,0.397162,-0.917749,51
1694,169.241287,300.363342,-0.727706,-0.685889,51
1695,152.749252,320.185486,-0.889881,0.456194,51
1696,155.134552,317.713226,-0.894536,-0.446996,51
1697,155.640228,339.810822,-0.364808,0.931083,51
1698,198.019745,319.563202,0.953959,-0.299937,51
1699,160.095200,335.163086,0.580049,0.814581,51
1700,178.126602,316.831696,0.862251,0.506481,51
1701,158.981598,339.377625,0.257601,0.966251,51
1702,190.699921,306.276001,-0.999516,0.031111,51
1703,162.709351,316.015015,0.030696,-0.999529,51
1704,174.705917,349.619568,-0.995526,0.094486,51
1705,160.813629,349.893646,-1.000000,0.000804,51
1706,219.020248,301.771210,0.823186,0.567772,52
1707,247.593704,307.755646,-0.253868,0.967239,52
1708,224.243439,306.105713,0.421553,0.906804,52
1709,205.103546,308.712463,0.996154,-0.087619,52
1710,211.148148,340.021545,0.272303,-0.962211,52
1711,220.047684,303.748016,0.691899,0.721994,52
1712,219.556107,339.198456,-0.954264,0.298967,52
1713,235.151672,324.269379,-0.917419,-0.397921,52
1714,235.737503,305.137115,-0.264693,-0.964333,52
1715,235.146164,324.606873,-0.895466,-0.445130,52
1716,209.092651,316.646729,-0.200562,0.979681,52
1717,235.093262,349.777863,0.928280,0.371882,52
1718,247.199860,314.192688,0.997119,-0.075853,52
1719,211.766724,306.657867,-0.977136,-0.212616,52
1720,246.550140,343.153595,-0.712027,-0.702152,52
1721,209.789642,315.760956,-0.107934,0.994158,52
1722,232.293091,335.790588,0.835560,-0.549400,52
1723,205.997589,317.433655,-0.919358,0.393421,52
1724,207.254318,310.280182,-0.691990,0.721907,52
1725,220.910324,302.730072,0.910536,0.413430,52
1726,229.856537,332.095490,0.738632,0.674109,52
1727,221.868362,331.406586,-0.695627,-0.718403,52
1728,237.438385,303.873718,-0.780962,-0.624578,52
1729,206.368118,337.825836,-0.432985,-0.901401,52
1730,238.682098,341.850006,0.989538,0.144269,52
1731,207.022995,302.426270,0.608090,0.793868,52
1732,213.838913,314.579956,-0.906103,0.423057,52
1733,240.358429,349.763000,-0.349776,0.936834,52
1734,213.681244,340.442535,0.596369,-0.802711,52
1735,246.509018,340.173798,-0.659410,-0.751784,52
1736,250.349731,322.900879,0.997509,0.070540,53
1737,252.532364,321.682800,0.473046,0.881038,53
1738,283.390106,319.596527,-0.676887,-0.736087,53
1739,283.180481,310.078278,-0.008045,0.999968,53
1740,260.829468,305.716095,0.725948,0.687750,53
1741,286.784241,308.701294,0.015969,0.999872,53
1742,259.000793,331.217010,-0.811856,0.583857,53
1743,279.008636,343.447845,0.990399,0.138238,53
1744,262.191864,330.006927,-0.889814,0.456323,53
1745,282.713867,313.853180,-0.685525,0.728050,53
1746,288.787537,317.526855,-0.500609,-0.865674,53
1747,271.729492,312.688049,-0.929807,0.368048,53
1748,279.283630,335.648651,0.998094,0.061705,53
1749,261.259796,346.720825,0.263716,-0.964600,53
1750,254.194427,315.191864,0.280179,0.959948,53
1751,272.720764,324.752258,-0.992571,0.121664,53
1752,283.718750,310.397644,0.031930,0.999490,53
1753,298.159668,340.760529,0.988139,0.153560,53
1754,274.082397,323.211334,-0.631875,0.775070,53
1755,271.878204,324.155029,-0.968815,0.247786,53
1756,277.270874,318.979309,-0.443006,0.896519,53
1757,278.498260,347.850952,-0.072415,-0.997375,53
1758,281.051849,345.233643,-0.058928,-0.998262,53
1759,280.356018,349.218872,-0.136013,-0.990707,53
1760,301.066681,331.418182,0.906130,0.423000,54
1761,302.572479,326.082062,0.947134,0.320839,54
1762,304.500916,332.507050,0.904073,0.427377,54
1763,305.721954,312.003021,0.946845,-0.321691,54
1764,310.966370,311.968536,0.159028,0.987274,54
1765,309.151550,331.648865,0.548058,0.836440,54
1766,307.688232,332.731689,0.723429,0.690398,54
1767,320.469116,347.538574,-0.952063,0.305901,54
1768,334.376129,304.246735,-0.491441,-0.870911,54
1769,324.077637,317.907684,-0.346682,-0.937983,54
1770,311.020111,302.283142,0.765676,-0.643226,54
1771,347.260742,326.989380,-0.992430,-0.122812,54
1772,321.045502,332.661224,0.221866,-0.975077,54
1773,332.613403,303.662231,-0.903748,-0.428066,54
1774,342.696075,329.111115,-0.503446,0.864026,54
1775,323.743439,315.037109,-0.709724,0.704480,54
1776,341.532013,322.486542,0.835663,0.549243,54
1777,326.977020,310.573059,-0.999947,-0.010339,54
1778,340.106995,330.066925,-0.568635,0.822590,54
1779,349.116180,340.225861,0.896681,-0.442678,54
1780,340.705658,325.375336,0.908755,0.417330,54
1781,311.294647,329.173340,-0.029639,0.999561,54
1782,327.736206,309.075623,-0.927135,-0.374728,54
1783,339.749237,312.982910,0.807219,-0.590252,54
1784,348.192749,344.121582,0.374688,0.927151,54
1785,345.432465,326.232880,-0.935770,0.352612,54
1786,303.110260,345.168823,0.313527,-0.949579,54
1787,345.288116,343.609375,-0.886641,-0.462458,54
1788,348.854736,345.781403,-0.861664,-0.507479,54
1789,357.039612,303.308746,0.726767,0.686884,55
1790,353.390991,343.926056,0.632478,-0.774579,55
1791,384.268768,309.787567,0.785340,-0.619065,55
1792,376.579773,325.373047,0.991310,0.131544,55
1793,381.276703,347.226288,-0.412471,0.910971,55
1794,356.639954,337.977325,0.158675,-0.987331,55
1795,390.499695,312.946686,-0.186799,-0.982398,55
1796,375.710541,338.336884,-0.403368,0.915038,55
1797,384.655945,336.626648,-0.139990,-0.990153,55
1798,363.848175,335.596497,-0.999718,0.023738,55
1799,366.563171,332.356598,-0.939646,-0.342148,55
1800,352.013733,339.652802,-0.525410,0.850849,55
1801,387.017792,305.861786,-0.186125,0.982526,55
1802,369.609741,349.751282,-0.993537,0.113509,55
1803,355.812714,330.742950,0.147056,-0.989128,55
1804,353.686798,339.393524,-0.796028,0.605260,55
1805,370.995239,303.582886,-0.995863,-0.090862,55
1806,364.827698,345.181488,-0.950370,0.311122,55
1807,368.056000,333.927429,0.620577,-0.784145,55
1808,383.615601,309.005859,-0.623214,0.782051,55
1809,352.568726,335.764221,0.999998,-0.001945,55
1810,394.918365,312.880249,-0.231165,-0.972915,55
1811,361.657196,345.177155,-0.184805,-0.982775,55
1812,3.026759,350.309601,0.811344,0.584569,56
1813,23.885740,362.085144,-0.140108,0.990136,56
1814,30.265518,375.305176,-0.549871,-0.835250,56
1815,39.836323,367.864349,0.751188,0.660088,56
1816,23.967636,366.792206,0.941990,0.335641,56
1817,34.838081,359.687897,-0.272676,0.962106,56
1818,41.609543,375.208984,-0.308991,0.951065,56
1819,8.098011,369.846130,0.170466,-0.985363,56
1820,37.678974,380.851227,-0.832973,0.553314,56
1821,7.729776,360.829956,-0.111032,-0.993817,56
1822,10.338552,383.050568,0.294799,-0.955559,56
1823,16.906954,378.487701,0.699139,-0.714986,56
1824,10.103079,379.973755,0.092174,-0.995743,56
1825,46.965591,397.740875,0.758881,0.651230,56
1826,17.419638,370.512970,0.775509,-0.631336,56
1827,45.943092,367.568054,-0.332159,-0.943223,56
1828,21.103003,360.154694,0.934291,0.356511,56
1829,27.584276,368.950867,-0.587683,-0.809092,56
1830,22.629841,365.777466,-0.102288,0.994755,56
1831,42.601551,367.944794,-0.990897,0.134619,56
1832,42.267708,376.412689,0.395648,0.918402,56
1833,19.127893,381.660645,0.446331,-0.894868,56
1834,49.348656,366.340698,-0.223904,0.974611,56
1835,41.859070,366.481781,0.897413,0.441191,56
1836,24.152010,363.922882,0.892933,0.450190,56
1837,0.204421,354.712494,-0.826469,-0.562982,56
1838,3.324249,356.521667,-0.874237,0.485499,56
1839,47.319557,365.390930,-0.650164,-0.759794,56
1840,8.025805,360.999298,0.269866,0.962898,56
1841,26.779043,398.678528,-0.797274,0.603617,56
1842,27.462126,373.712921,-0.355314,-0.934747,56
1843,13.957774,366.500488,0.533864,-0.845571,56
1844,41.038380,367.539062,0.200409,0.979712,56
1845,40.883976,369.093384,0.299044,0.954239,56
1846,25.266569,388.598083,0.417269,0.908783,56
1847,4.410611,394.355316,0.892169,-0.451703,56
1848,49.691471,367.297363,-0.945748,-0.324902,56
1849,75.776215,351.100311,-0.904331,0.426833,57
1850,90.515633,398.214966,0.719921,-0.694056,57
1851,65.373955,361.726318,-0.518100,0.855320,57
1852,55.698425,350.868225,0.241327,-0.970444,57
1853,58.856152,383.858032,-0.998632,0.052286,57
1854,81.423309,380.330994,-0.901024,0.433769,57
1855,84.612488,382.149506,-0.972861,0.231389,57
1856,52.221161,365.965851,-0.645897,-0.763425,57
1857,53.262520,387.504883,-0.503261,0.864134,57
1858,96.866478,354.918274,0.889279,-0.457364,57
1859,54.868694,392.299622,0.246645,0.969106,57
1860,55.880432,354.390900,-0.481651,-0.876363,57
1861,54.907143,387.368286,0.289765,-0.957098,57
1862,64.115303,392.499084,-0.996575,0.082692,57
1863,55.753178,354.074432,-0.473312,-0.880895,57
1864,60.064857,384.422699,-0.362949,-0.931809,57
1865,89.558395,393.052002,-0.922037,-0.387101,57
1866,84.684135,382.771149,-0.915634,0.402013,57
1867,90.000626,388.972900,-0.527993,-0.849249,57
1868,63.332752,394.020020,-0.991190,0.132444,57
1869,95.688385,397.735504,-0.664414,-0.747365,57
1870,50.593857,356.428619,-0.877768,-0.479085,57
1871,74.499001,396.164429,0.026521,0.999648,57
1872,80.122757,378.148773,-0.997058,0.076654,57
1873,60.752953,379.109894,-0.937502,0.347980,57
1874,61.558445,393.973633,-0.993469,0.114103,57
1875,92.018158,352.885559,0.595501,-0.803355,57
1876,92.251465,393.786591,-0.917704,-0.397265,57
1877,96.098145,361.947388,0.921256,0.388957,57
1878,76.836807,381.767487,0.823493,-0.567327,57
1879,84.285042,365.925690,0.486182,0.873858,57
1880,94.504120,398.644226,-0.802564,-0.596566,57
1881,96.646919,370.454895,-0.737514,0.675332,57
1882,101.726517,367.332672,0.200876,0.979617,58
1883,141.806747,380.224915,-0.893865,-0.448337,58
1884,132.906860,351.389404,-0.805981,-0.591941,58
1885,104.261909,387.838348,0.095682,0.995412,58
1886,120.974731,374.632996,-0.998005,0.063140,58
1887,126.618103,352.612274,0.976354,-0.216178,58
1888,136.078598,372.699371,0.972879,0.231314,58
1889,144.416351,374.626770,0.880555,0.473945,58
1890,123.002472,355.755920,0.996269,-0.086303,58
1891,129.510422,359.064850,0.000341,1.000000,58
1892,133.744186,374.787354,0.986330,0.164780,58
1893,134.144119,399.063080,-0.989990,0.141137,58
1894,131.616913,360.404846,-0.376040,0.926603,58
1895,136.356766,384.682831,-0.684017,-0.729466,58
1896,115.981483,369.737518,0.682687,0.730711,58
1897,165.649124,399.528931,-0.525507,-0.850789,59
1898,171.758804,350.909393,-0.976562,0.215234,59
1899,176.963089,355.278107,-0.734298,0.678827,59
1900,153.728470,370.885040,0.468069,-0.883692,59
1901,198.971695,390.590820,0.215885,-0.976419,59
1902,170.997253,385.521729,0.948247,-0.317534,59
1903,170.602295,364.340485,0.704075,-0.710126,59
1904,151.051910,379.111694,-0.027611,-0.999619,59
1905,185.871262,387.083038,0.941353,0.337424,59
1906,173.694855,387.167725,0.578602,0.815610,59
1907,192.550217,368.224854,0.066145,-0.997810,59
1908,177.671890,382.058533,-0.567266,-0.823535,59
1909,160.382263,391.435455,0.977269,0.212001,59
1910,174.643112,374.179871,-0.544767,-0.838587,59
1911,173.076721,387.682068,0.507769,0.861493,59
1912,193.770065,378.730682,0.999916,0.012958,59
1913,171.798523,397.571320,0.004542,0.999990,59
1914,182.544266,388.536987,-0.199040,-0.979991,59
1915,172.711670,367.969696,0.726465,-0.687204,59
1916,198.165771,387.381561,0.432054,-0.901848,59
1917,171.327042,384.482391,0.692417,0.721497,59
1918,164.103897,393.983917,0.913213,0.407482,59
1919,162.826385,380.040710,0.352166,-0.935937,59
1920,174.242401,398.323273,-0.791829,0.610742,59
1921,162.870407,353.249908,-0.689971,-0.723837,59
1922,197.862137,361.791290,0.490858,-0.871240,59
1923,154.083420,361.897583,-0.704713,0.709492,59
1924,192.424393,380.116699,0.999348,0.036096,59
1925,160.477768,379.041077,0.033547,-0.999437,59
1926,179.887344,372.385345,0.077583,-0.996986,59
1927,189.541336,385.988190,0.874824,0.484441,59
1928,163.369949,383.454193,0.519331,-0.854573,59
1929,181.105789,365.211853,0.866943,0.498408,59
1930,167.258820,360.868713,0.716492,-0.697595,59
1931,185.658813,385.511932,0.626041,0.779790,59
1932,173.164597,375.857422,-0.504429,-0.863453,59
1933,196.587067,365.654297,0.174010,-0.984744,59
1934,163.579575,359.438232,0.915450,0.402431,59
1935,170.560883,368.609894,0.433581,-0.901114,59
1936,180.235062,391.125946,-0.168468,-0.985707,59
1937,195.538193,366.186035,0.089744,-0.995965,59
1938,241.852448,351.575592,-0.363085,0.931756,60
1939,203.819626,385.145721,0.999977,0.006823,60
1940,226.736191,391.302338,0.194798,-0.980843,60
1941,230.304642,352.338531,0.732374,0.680903,60
1942,218.927185,354.674835,0.582831,0.812593,60
1943,223.135620,359.494415,0.591238,0.806497,60
1944,242.115738,359.099091,0.512841,0.858483,60
1945,208.181610,389.465485,0.602965,0.797768,60
1946,218.825989,375.475037,-0.287137,-0.957890,60
1947,219.385956,367.736267,-0.176333,0.984331,60
1948,207.207123,378.320618,0.180930,-0.983496,60
1949,218.507156,374.845276,-0.442609,-0.896715,60
1950,245.417282,360.499634,0.639026,0.769185,60
1951,218.769760,366.877777,-0.276042,0.961145,60
1952,208.653000,375.209442,0.142112,-0.989851,60
1953,230.915115,356.858521,-0.971656,-0.236401,60
1954,231.165482,373.973785,0.482323,0.875993,60
1955,240.539215,368.993530,0.127884,-0.991789,60
1956,223.056000,374.264130,-0.698702,-0.715413,60
1957,240.807922,385.652954,0.974248,0.225481,60
1958,240.396301,388.757629,0.999732,0.023144,60
1959,245.731140,358.441040,-0.292121,0.956381,60
1960,244.231064,383.114380,-0.992912,-0.118849,60
1961,246.997223,378.817169,-0.981532,-0.191299,60
1962,274.889954,393.795563,-0.380521,-0.924772,61
1963,253.477386,365.499176,0.466796,-0.884365,61
1964,287.538269,392.264130,-0.487478,-0.873136,61
1965,254.651169,389.106110,0.995967,0.089721,61
1966,299.535645,360.540222,0.917077,-0.398710,61
1967,292.907684,380.653412,0.105127,-0.994459,61
1968,250.517441,398.022949,-0.969266,0.246013,61
1969,250.488724,389.326447,0.016493,0.999864,61
1970,258.179810,359.560669,-0.130795,0.991409,61
1971,263.338531,376.506866,-0.999839,-0.017928,61
1972,254.054184,387.541321,0.476316,0.879274,61
1973,267.043396,389.258942,0.901937,0.431866,61
1974,254.053192,397.508728,-0.999810,0.019501,61
1975,261.349701,358.200470,0.742097,0.670293,61
1976,268.205841,388.105072,0.512383,0.858757,61
1977,263.662323,354.769348,0.983044,-0.183370,61
1978,280.789398,366.001373,-0.877194,0.480136,61
1979,273.995239,365.779968,-0.723654,-0.690163,61
1980,263.061249,361.194153,-0.994200,-0.107542,61
1981,298.659393,365.442963,0.990036,0.140814,61
1982,263.403412,384.497314,0.987023,-0.160577,61
1983,287.671326,378.985321,-0.119054,-0.992888,61
1984,250.039337,356.566833,-0.599524,0.800357,61
1985,282.175079,367.252075,-0.121114,0.992639,61
1986,289.356110,395.136322,-0.929791,-0.368088,61
1987,294.014313,393.340790,-0.998234,0.059403,61
1988,300.378998,362.915649,0.953750,-0.300601,62
1989,302.915253,360.951233,0.524298,-0.851535,62
1990,325.813629,399.987579,0.584440,0.811437,62
1991,304.794708,356.913239,0.181448,0.983401,62
1992,303.062500,357.344971,0.269862,0.962899,62
1993,342.747345,399.462891,-0.945010,-0.327042,62
1994,342.175049,350.813538,-0.980579,-0.196127,62
1995,319.164673,370.608093,0.848990,-0.528408,62
1996,319.473450,371.984985,0.592884,-0.805288,62
1997,326.247162,381.117462,-0.647789,-0.761820,62
1998,325.921692,376.925812,-0.986716,0.162457,62
1999,321.799683,374.188873,0.181525,-0.983386,62
2000,314.140198,386.845184,-0.573182,-0.819428,62
2001,339.735718,354.848022,-0.913119,-0.407694,62
2002,323.376373,398.798340,0.334240,0.942488,62
2003,312.310699,383.330261,-0.212200,-0.977226,62
2004,329.119659,369.942688,0.777066,0.629419,62
2005,347.806946,361.470947,0.270294,-0.962778,62
2006,307.395660,386.326508,-0.985346,0.170567,62
2007,322.855530,381.477661,-0.844718,0.535211,62
2008,320.545197,372.805542,0.765658,-0.643248,62
2009,306.445129,392.042206,0.309563,0.950879,62
2010,315.029785,368.433594,0.995508,-0.094676,62
2011,324.921051,387.864746,0.890951,0.454099,62
2012,303.495331,351.475494,-0.913584,0.406649,62
2013,338.468567,377.635773,0.061657,0.998097,62
2014,343.967560,350.286591,-0.959947,-0.280181,62
2015,317.125031,365.669281,0.917202,0.398423,62
2016,325.435028,355.418182,0.615299,-0.788294,62
2017,325.793365,367.293274,0.291838,0.956468,62
2018,325.972748,351.753143,0.787609,-0.616176,62
2019,344.912354,361.546295,0.208520,-0.978018,62
2020,331.410583,360.514038,-0.531020,0.847360,62
2021,346.181580,360.833069,-0.362641,-0.931929,62
2022,398.023865,368.583740,-0.919913,-0.392122,63
2023,396.641754,371.327698,-0.984451,-0.175661,63
2024,397.445587,384.356232,-0.983609,-0.180311,63
2025,356.790131,381.527405,0.919910,-0.392128,63
2026,371.340912,366.989990,0.607225,-0.794530,63
2027,377.214600,390.029846,0.794430,-0.607356,63
2028,389.175140,385.176636,0.972162,0.234308,63
2029,393.126587,387.167450,0.879234,0.476391,63
2030,361.561188,358.551453,-0.319495,-0.947588,63
2031,364.058289,356.070374,-0.965548,0.260227,63
2032,364.351807,374.730896,-0.392953,0.919559,63
2033,393.615356,375.551392,0.516884,-0.856055,63
2034,370.764771,383.028564,0.144037,0.989572,63
2035,356.580353,379.488525,0.340082,0.940396,63
2036,393.929993,375.760651,0.171562,-0.985173,63
2037,387.825623,362.169250,0.999603,-0.028184,63
2038,371.099854,386.764404,0.120092,0.992763,63
2039,352.391052,392.684784,0.698222,-0.715882,63
2040,364.571686,378.714264,-0.442300,0.896867,63
2041,396.719299,358.230194,-0.884488,-0.466564,63
2042,395.271240,365.072327,0.519608,-0.854405,63
2043,365.914124,391.855835,0.472633,0.881260,63
2044,364.713226,396.714508,0.060112,0.998192,63
2045,395.870392,366.351532,0.105647,-0.994404,63
2046,355.543060,388.144318,-0.680958,0.732322,63
2047,359.188507,390.503387,-0.706809,-0.707404,63
